{
  "timelineObjects" : [ {
    "placeVisit" : {
      "location" : {
        "latitudeE7" : 129850869,
        "longitudeE7" : 802133517,
        "placeId" : "ChIJJUwhu4tdUjoRiNEYJGCOGcA",
        "address" : "13, 1st Main Rd\nRamaKrishna Nagar, Velachery\nChennai, Tamil Nadu 600088\nIndia",
        "name" : "Residency Mayura",
        "locationConfidence" : 100.0
      },
      "duration" : {
        "startTimestampMs" : "1625410177000",
        "endTimestampMs" : "1625556520775"
      },
      "placeConfidence" : "USER_CONFIRMED",
      "visitConfidence" : 100,
      "otherCandidateLocations" : [ {
        "latitudeE7" : 129853698,
        "longitudeE7" : 802133238,
        "placeId" : "ChIJfewcsItdUjoRTonnE-DoLqU",
        "locationConfidence" : 17.176628
      }, {
        "latitudeE7" : 129857465,
        "longitudeE7" : 802132847,
        "placeId" : "ChIJoSKLrYtdUjoR4fyTdEXUKmI",
        "locationConfidence" : 2.2688606
      }, {
        "latitudeE7" : 129850869,
        "longitudeE7" : 802133517,
        "placeId" : "ChIJq6o6u4tdUjoRGOX3IIt8u_s",
        "locationConfidence" : 1.4957117
      }, {
        "latitudeE7" : 129856807,
        "longitudeE7" : 802133425,
        "placeId" : "ChIJ9QwDsotdUjoRIijDPOSuFEg",
        "locationConfidence" : 1.1042806
      } ],
      "editConfirmationStatus" : "CONFIRMED"
    }
  } ]
}