{
    "Search Engines": [
        {
            "suggestions_url": "https://www.bing.com/osjson.aspx?query\u003d{searchTerms}\u0026language\u003d{language}\u0026PC\u003dU316",
            "image_url_post_params": "imageBin\u003d{google:imageThumbnailBase64}",
            "favicon_url": "https://www.bing.com/sa/simg/bing_p_rr_teal_min.ico",
            "safe_for_autoreplace": true,
            "date_created": 0,
            "image_url": "https://www.bing.com/images/detail/search?iss\u003dsbiupload\u0026FORM\u003dCHROMI#enterInsights",
            "url": "https://www.bing.com/search?q\u003d{searchTerms}\u0026PC\u003dU316\u0026FORM\u003dCHROMN",
            "new_tab_url": "https://www.bing.com/chrome/newtab",
            "originating_url": "",
            "sync_guid": "485bf7d3-0215-45af-87dc-538868000003",
            "short_name": "Bing",
            "keyword": "bing.com",
            "input_encodings": "UTF-8",
            "prepopulate_id": 3,
            "last_modified": 0
},
        {
            "suggestions_url": "https://in.search.yahoo.com/sugg/chrome?output\u003dfxjson\u0026appid\u003dcrmas\u0026command\u003d{searchTerms}",
            "favicon_url": "https://in.search.yahoo.com/favicon.ico",
            "safe_for_autoreplace": true,
            "date_created": 0,
            "url": "https://in.search.yahoo.com/search{google:pathWildcard}?ei\u003d{inputEncoding}\u0026fr\u003dcrmas\u0026p\u003d{searchTerms}",
            "new_tab_url": "",
            "originating_url": "",
            "sync_guid": "485bf7d3-0215-45af-87dc-538868000002",
            "short_name": "Yahoo! India",
            "keyword": "in.yahoo.com",
            "input_encodings": "UTF-8",
            "prepopulate_id": 2,
            "last_modified": 0
},
        {
            "suggestions_url": "https://duckduckgo.com/ac/?q\u003d{searchTerms}\u0026type\u003dlist",
            "favicon_url": "https://duckduckgo.com/favicon.ico",
            "safe_for_autoreplace": true,
            "date_created": 0,
            "url": "https://duckduckgo.com/?q\u003d{searchTerms}",
            "new_tab_url": "https://duckduckgo.com/chrome_newtab",
            "originating_url": "",
            "sync_guid": "485bf7d3-0215-45af-87dc-538868000092",
            "short_name": "DuckDuckGo",
            "keyword": "duckduckgo.com",
            "input_encodings": "UTF-8",
            "prepopulate_id": 92,
            "last_modified": 0
},
        {
            "suggestions_url": "",
            "favicon_url": "",
            "safe_for_autoreplace": true,
            "date_created": 13222410833547739,
            "url": "https://drive.google.com/drive/search?q\u003d{searchTerms}",
            "new_tab_url": "",
            "originating_url": "https://drive.google.com/opensearch.xml",
            "sync_guid": "0fcd1104-f011-4e62-bfeb-e1be63c28679",
            "short_name": "Google Drive",
            "keyword": "drive.google.com",
            "input_encodings": "UTF-8",
            "prepopulate_id": 0,
            "last_modified": 13222410833547739
},
        {
            "suggestions_url": "https://suggest.yandex.ru/suggest-ff.cgi?part\u003d{searchTerms}",
            "image_url_post_params": "upfile\u003d{google:imageThumbnail},original_width\u003d{google:imageOriginalWidth},original_height\u003d{google:imageOriginalHeight},prg\u003d1",
            "favicon_url": "https://yastatic.net/lego/_/pDu9OWAQKB0s2J9IojKpiS_Eho.ico",
            "safe_for_autoreplace": true,
            "date_created": 0,
            "image_url": "https://yandex.ru/images/search/?rpt\u003dimageview",
            "url": "https://yandex.ru/{yandex:searchPath}?text\u003d{searchTerms}\u0026{yandex:referralID}",
            "new_tab_url": "https://www.yandex.ru/chrome/newtab",
            "originating_url": "",
            "sync_guid": "485bf7d3-0215-45af-87dc-538868000015",
            "short_name": "Яндекс",
            "keyword": "yandex.ru",
            "input_encodings": "UTF-8",
            "prepopulate_id": 15,
            "last_modified": 0
},
        {
            "suggestions_url": "",
            "favicon_url": "https://www.amazon.in/favicon.ico",
            "safe_for_autoreplace": true,
            "date_created": 13235913349813594,
            "url": "https://www.amazon.in/s/ref\u003dnb_sb_ss_organic-diversity_1_10?url\u003dsearch-alias%3Daps\u0026field-keywords\u003d{searchTerms}\u0026sprefix\u003dapache+spa%2Caps%2C294\u0026crid\u003d13CBG8P9HPUJ0",
            "new_tab_url": "",
            "originating_url": "",
            "sync_guid": "929a5e2a-7896-45e3-9060-ab9b44841c10",
            "short_name": "amazon.in",
            "keyword": "amazon.in",
            "input_encodings": "UTF-8",
            "prepopulate_id": 0,
            "last_modified": 13235913349813594
},
        {
            "suggestions_url": "",
            "favicon_url": "https://www.gstatic.com/android/market_images/web/favicon_v2.ico",
            "safe_for_autoreplace": true,
            "date_created": 13237553593715849,
            "url": "https://play.google.com/store/search?q\u003d{searchTerms}\u0026utm_source\u003dopensearch",
            "new_tab_url": "",
            "originating_url": "https://play.google.com/opensearch.xml",
            "sync_guid": "2eb51032-2c1d-44f9-aa1f-d55d6b5fd811",
            "short_name": "Google Play",
            "keyword": "play.google.com",
            "input_encodings": "",
            "prepopulate_id": 0,
            "last_modified": 13237553593715849
},
        {
            "suggestions_url": "",
            "favicon_url": "https://cdn.iconfinder.com/static/img/favicons/favicon-32x32.png?87b2a5c3aa",
            "safe_for_autoreplace": true,
            "date_created": 13238184184113356,
            "url": "https://www.iconfinder.com/search/?q\u003d{searchTerms}",
            "new_tab_url": "",
            "originating_url": "",
            "sync_guid": "a253eff5-4ff7-4794-bee9-ecb44340998d",
            "short_name": "iconfinder.com",
            "keyword": "iconfinder.com",
            "input_encodings": "UTF-8",
            "prepopulate_id": 0,
            "last_modified": 13238184184113356
},
        {
            "suggestions_url": "",
            "favicon_url": "https://mdcomputers.in/image/catalog/md_new/md-icon.png",
            "safe_for_autoreplace": true,
            "date_created": 13238320082927663,
            "url": "https://mdcomputers.in/index.php?category_id\u003d0\u0026search\u003d{searchTerms}\u0026submit_search\u003d\u0026route\u003dproduct%2Fsearch",
            "new_tab_url": "",
            "originating_url": "",
            "sync_guid": "2751211f-1c5e-4a9f-b617-e1fff4a5694d",
            "short_name": "mdcomputers.in",
            "keyword": "mdcomputers.in",
            "input_encodings": "UTF-8",
            "prepopulate_id": 0,
            "last_modified": 13238320082927663
},
        {
            "suggestions_url": "https://ac.ecosia.org/autocomplete?q\u003d{searchTerms}\u0026type\u003dlist",
            "favicon_url": "https://cdn.ecosia.org/assets/images/ico/favicon.ico",
            "safe_for_autoreplace": true,
            "date_created": 0,
            "url": "https://www.ecosia.org/search?q\u003d{searchTerms}\u0026addon\u003dopensearch",
            "new_tab_url": "",
            "originating_url": "",
            "sync_guid": "485bf7d3-0215-45af-87dc-538868000101",
            "short_name": "Ecosia",
            "keyword": "ecosia.org",
            "input_encodings": "UTF-8",
            "prepopulate_id": 101,
            "last_modified": 0
},
        {
            "suggestions_url": "{google:baseSuggestURL}search?{google:searchFieldtrialParameter}client\u003d{google:suggestClient}\u0026gs_ri\u003d{google:suggestRid}\u0026xssi\u003dt\u0026q\u003d{searchTerms}\u0026{google:inputType}{google:omniboxFocusType}{google:cursorPosition}{google:currentPageUrl}{google:pageClassification}{google:searchVersion}{google:sessionToken}{google:prefetchQuery}sugkey\u003d{google:suggestAPIKeyParameter}",
            "image_url_post_params": "encoded_image\u003d{google:imageThumbnail},image_url\u003d{google:imageURL},sbisrc\u003d{google:imageSearchSource},original_width\u003d{google:imageOriginalWidth},original_height\u003d{google:imageOriginalHeight}",
            "favicon_url": "https://www.google.com/favicon.ico",
            "safe_for_autoreplace": true,
            "date_created": 0,
            "image_url": "{google:baseURL}searchbyimage/upload",
            "url": "{google:baseURL}search?q\u003d{searchTerms}\u0026{google:RLZ}{google:originalQueryForSuggestion}{google:assistedQueryStats}{google:searchFieldtrialParameter}{google:iOSSearchLanguage}{google:searchClient}{google:sourceId}{google:contextualSearchVersion}ie\u003d{inputEncoding}",
            "new_tab_url": "",
            "originating_url": "",
            "sync_guid": "485bf7d3-0215-45af-87dc-538868000001",
            "short_name": "Google",
            "keyword": "google.com",
            "input_encodings": "UTF-8",
            "alternate_urls": [
                        "{google:baseURL}#q\u003d{searchTerms}",
                        "{google:baseURL}search#q\u003d{searchTerms}",
                        "{google:baseURL}webhp#q\u003d{searchTerms}",
                        "{google:baseURL}s#q\u003d{searchTerms}",
                        "{google:baseURL}s?q\u003d{searchTerms}"
            ],
            "prepopulate_id": 1,
            "last_modified": 0
},
        {
            "suggestions_url": "",
            "favicon_url": "https://s.pinimg.com/webapp/style/images/favicon-fd1ea058.png",
            "safe_for_autoreplace": true,
            "date_created": 13242678561617275,
            "url": "http://www.pinterest.com/search/pins/?q\u003d{searchTerms}\u0026rs\u003ddirect_navigation",
            "new_tab_url": "",
            "originating_url": "https://www.pinterest.com/opensearch.xml",
            "sync_guid": "0035980b-f48d-4b27-aad3-b01723ac7750",
            "short_name": "Pinterest",
            "keyword": "pinterest.com",
            "input_encodings": "UTF-8",
            "prepopulate_id": 0,
            "last_modified": 13242678561617275
},
        {
            "suggestions_url": "",
            "favicon_url": "https://github.com/favicon.ico",
            "safe_for_autoreplace": true,
            "date_created": 13244408320517535,
            "url": "https://github.com/search?q\u003d{searchTerms}\u0026ref\u003dopensearch",
            "new_tab_url": "",
            "originating_url": "https://github.com/opensearch.xml",
            "sync_guid": "5ce0f631-6c5f-4d32-81ac-be9deacf95a0",
            "short_name": "GitHub",
            "keyword": "github.com",
            "input_encodings": "UTF-8",
            "prepopulate_id": 0,
            "last_modified": 13244408320517535
},
        {
            "suggestions_url": "",
            "favicon_url": "https://builtwith.com/favicon.ico",
            "safe_for_autoreplace": true,
            "date_created": 13245014982708862,
            "url": "https://builtwith.com/?q\u003d{searchTerms}",
            "new_tab_url": "",
            "originating_url": "",
            "sync_guid": "abf518a0-99e8-4f95-92cb-48c242c92b78",
            "short_name": "builtwith.com",
            "keyword": "builtwith.com",
            "input_encodings": "UTF-8",
            "prepopulate_id": 0,
            "last_modified": 13245014982708862
},
        {
            "suggestions_url": "",
            "favicon_url": "https://img-a.udemycdn.com/organization_favicon/32x32/anonymous_v3.png",
            "safe_for_autoreplace": true,
            "date_created": 13245533348618757,
            "url": "https://cognizant.udemy.com/organization/search/?src\u003dukw\u0026q\u003d{searchTerms}",
            "new_tab_url": "",
            "originating_url": "",
            "sync_guid": "5a7ba7ca-ffb7-4bfd-8d2f-3382098e55d9",
            "short_name": "cognizant.udemy.com",
            "keyword": "cognizant.udemy.com",
            "input_encodings": "UTF-8",
            "prepopulate_id": 0,
            "last_modified": 13245533348618757
},
        {
            "suggestions_url": "",
            "favicon_url": "https://www.youtube.com/s/desktop/b4620429/img/favicon_32.png",
            "safe_for_autoreplace": true,
            "date_created": 13242747574889942,
            "url": "https://www.youtube.com/results?search_query\u003d{searchTerms}\u0026page\u003d{startPage?}\u0026utm_source\u003dopensearch",
            "new_tab_url": "",
            "originating_url": "https://www.youtube.com/opensearch?locale\u003den_US",
            "sync_guid": "8e33c179-1017-46ab-99b7-f712061aa923",
            "short_name": "YouTube",
            "keyword": "youtube.com",
            "input_encodings": "",
            "prepopulate_id": 0,
            "last_modified": 13242747574889943
}
    ]
}