{
    "Apps": [
        {
            "app_launch_ordinal": "t",
            "extension": {
                        "incognito_enabled": true,
                        "remote_install": false,
                        "disable_reasons": 0,
                        "update_url": "",
                        "name": "Web Store",
                        "id": "ahfgeienlihckogmohjhadlkjgocpleb",
                        "version": "0.2",
                        "enabled": true
            },
            "page_ordinal": "n"
}
    ],
    "App Settings": [],
    "Preferences": [
        {
            "name": "sharing.vapid_key",
            "value": "{\"vapid_creation_timestamp\":\"13222409676594709\",\"vapid_private_key\":\"MIGHAgEAMBMGByqGSM49AgEGCCqGSM49AwEHBG0wawIBAQQgJQDqgcSlOZ7N0NBmXOU7Iz1QmEjCCJA3JEqWcdOr7yOhRANCAAQdWdu1RvQpf4RobEHz3mhD1E48y+ev4VbfTdLTvVQ1KEjpjBXIM1TTVXgClHGBOkuXxlgfsp/jVfvfogNzgulY\"}"
},
        {
            "name": "profile.content_settings.exceptions.cookies",
            "value": "{}"
},
        {
            "name": "profile.content_settings.exceptions.automatic_downloads",
            "value": "{}"
},
        {
            "name": "profile.content_settings.exceptions.images",
            "value": "{}"
},
        {
            "name": "profile.content_settings.exceptions.javascript",
            "value": "{}"
},
        {
            "name": "translate_site_blacklist_with_time",
            "value": "{}"
},
        {
            "name": "profile.content_settings.exceptions.flash_data",
            "value": "{}"
},
        {
            "name": "bookmark_bar.show_on_all_tabs",
            "value": "true"
},
        {
            "name": "sync.demographics_birth_year_offset",
            "value": "-1"
},
        {
            "name": "translate_accepted_count",
            "value": "{\"ru\":1}"
},
        {
            "name": "translate_denied_count_for_language",
            "value": "{\"ru\":0}"
},
        {
            "name": "translate_recent_target",
            "value": "\"en\""
},
        {
            "name": "translate_whitelists",
            "value": "{}"
},
        {
            "name": "extensions.pinned_extensions",
            "value": "[]"
},
        {
            "name": "profile.content_settings.exceptions.storage_access",
            "value": "{}"
},
        {
            "name": "sharing.synced_devices",
            "value": "{\"AJaeTF4rl83DSnGGvw3GVg\u003d\u003d\":{\"device_auth_secret\":\"JN8imKxskbZ0As2LvXsUeg\u003d\u003d\",\"device_capabilities\":2,\"device_fcm_token\":\"ePV2QGP8i2s:APA91bEGUv3t7QGFSN1U4C5Alc9Quy3tTMdGeBTPG83IJJZ6SOLDZtJb_GGUEdtWPWqn5GmbacpF7NQMNwh_FaLM-RESW99N4U_u19ChjFEay12UDOEfUR2LSR1GSfQljB-HX2F-oMIp\",\"device_p256dh\":\"BPjug/3o9sN3dIkDiUjCfv7yTrHvwFuStjgvAxr/MrGOebbPZcMEEKH2zc71w+1wGBAmg55Vol014zVWFyvV2Co\u003d\"},\"OmirIH8qAy+yJPIu0bAYrg\u003d\u003d\":{\"device_auth_secret\":\"Zp1o/Z/oK8vRAyjS8l8Stg\u003d\u003d\",\"device_capabilities\":2,\"device_fcm_token\":\"eopNCckCosw:APA91bFfh4tUMOllUba7aSFauH3KbGLl5naOT7HEv2eEByvPOP2eGWoWfUkikOFhQq-quTH3uPcpdiOkUrNSN4x5myLwbjW1I5zmZQ7AkIZQ1ZHDwkoI4lnRM7Q-K6njdyKdI7PLNSAS\",\"device_p256dh\":\"BHLD4Fy+60c00P2wQl8LR7X4uY/bJrn6yw4QeN7bSWhWp929yt9kH7df5hbuLtEkg3xuQDnR80LtgW6zKUxIB8g\u003d\"}}"
},
        {
            "name": "profile.content_settings.exceptions.window_placement",
            "value": "{}"
},
        {
            "name": "profile.content_settings.exceptions.popups",
            "value": "{\"http://192.168.1.9:1080,*\":{\"expiration\":\"0\",\"last_modified\":\"13239958644737968\",\"model\":0,\"setting\":1},\"https://us-east-2.console.aws.amazon.com:443,*\":{\"last_modified\":\"13239446071052777\",\"setting\":1}}"
},
        {
            "name": "ntp.app_page_names",
            "value": "[\"Apps\"]"
},
        {
            "name": "extensions.toolbar",
            "value": "[\"gppongmhjkpfnbhagpmjfkannfbllamg\"]"
},
        {
            "name": "translate_ignored_count_for_language",
            "value": "{\"ar\":1,\"de\":1,\"it\":1,\"ru\":0,\"sq\":1,\"ta\":1,\"zh-CN\":1}"
}
    ],
    "Themes": [
        {
            "use_system_theme_by_default": true,
            "use_custom_theme": false
}
    ]
}