{
  "title": "Yogo_5.jpg",
  "description": "",
  "imageViews": "8",
  "creationTime": {
    "timestamp": "1613915665",
    "formatted": "Feb 21, 2021, 1:54:25 PM UTC"
  },
  "photoTakenTime": {
    "timestamp": "1613062651",
    "formatted": "Feb 11, 2021, 4:57:31 PM UTC"
  },
  "geoData": {
    "latitude": 0.0,
    "longitude": 0.0,
    "altitude": 0.0,
    "latitudeSpan": 0.0,
    "longitudeSpan": 0.0
  },
  "geoDataExif": {
    "latitude": 0.0,
    "longitude": 0.0,
    "altitude": 0.0,
    "latitudeSpan": 0.0,
    "longitudeSpan": 0.0
  },
  "url": "https://lh3.googleusercontent.com/oUZB7bFDfzjG6jViKD2LhV3gyM1SOdqoIwMZqh49zZjHezaBUICabqFgd3nrKo7OPm_xpNkkvpJ91GKgrXzQJgQDlLEebAOXxU30Tg",
  "googlePhotosOrigin": {
    "webUpload": {
      "computerUpload": {
      }
    }
  }
}