{
  "title": "Yogo_6.jpg",
  "description": "",
  "imageViews": "8",
  "creationTime": {
    "timestamp": "1613915665",
    "formatted": "Feb 21, 2021, 1:54:25 PM UTC"
  },
  "photoTakenTime": {
    "timestamp": "1613062659",
    "formatted": "Feb 11, 2021, 4:57:39 PM UTC"
  },
  "geoData": {
    "latitude": 0.0,
    "longitude": 0.0,
    "altitude": 0.0,
    "latitudeSpan": 0.0,
    "longitudeSpan": 0.0
  },
  "geoDataExif": {
    "latitude": 0.0,
    "longitude": 0.0,
    "altitude": 0.0,
    "latitudeSpan": 0.0,
    "longitudeSpan": 0.0
  },
  "url": "https://lh3.googleusercontent.com/pxBz77dawbYV8F6pUGPuAmXF0DFRw5pUMmdDySqityNOAG3yeQ9U7AVFyUnS26PMKBunjlfaHhEvVIIiVi0r_TR8g_h3UwGTHJdO_g",
  "googlePhotosOrigin": {
    "webUpload": {
      "computerUpload": {
      }
    }
  }
}