{
  "title": "Yogo_4_Edited.jpg",
  "description": "",
  "imageViews": "13",
  "creationTime": {
    "timestamp": "1613917428",
    "formatted": "Feb 21, 2021, 2:23:48 PM UTC"
  },
  "photoTakenTime": {
    "timestamp": "1613062640",
    "formatted": "Feb 11, 2021, 4:57:20 PM UTC"
  },
  "geoData": {
    "latitude": 0.0,
    "longitude": 0.0,
    "altitude": 0.0,
    "latitudeSpan": 0.0,
    "longitudeSpan": 0.0
  },
  "geoDataExif": {
    "latitude": 0.0,
    "longitude": 0.0,
    "altitude": 0.0,
    "latitudeSpan": 0.0,
    "longitudeSpan": 0.0
  },
  "url": "https://lh3.googleusercontent.com/ibvu9z0743fcmIBPCtS-QEplGzrZz1-dzF0IG6sQEYSRRjyAtBRxgIvsnTm_hU5O8sl5zdnVJDebclKXvY9XK7IZTNlBrC28rzXc-w",
  "googlePhotosOrigin": {
    "webUpload": {
      "computerUpload": {
      }
    }
  }
}