{
  "title": "Yogo_2-COLLAGE.jpg",
  "description": "",
  "imageViews": "2",
  "creationTime": {
    "timestamp": "1613917799",
    "formatted": "Feb 21, 2021, 2:29:59 PM UTC"
  },
  "photoTakenTime": {
    "timestamp": "1613062668",
    "formatted": "Feb 11, 2021, 4:57:48 PM UTC"
  },
  "geoData": {
    "latitude": 0.0,
    "longitude": 0.0,
    "altitude": 0.0,
    "latitudeSpan": 0.0,
    "longitudeSpan": 0.0
  },
  "geoDataExif": {
    "latitude": 0.0,
    "longitude": 0.0,
    "altitude": 0.0,
    "latitudeSpan": 0.0,
    "longitudeSpan": 0.0
  },
  "url": "https://lh3.googleusercontent.com/ogqfsc849_TmgXIw2pZU2yTOu_oM3lrVJLGZdapbEOOuKnZTFqpiF7WBFYUQnEvzqOrKKW6y4gLY2anUx8-hWmQRS47CPLa8UsK3wz8",
  "googlePhotosOrigin": {
    "webUpload": {
      "computerUpload": {
      }
    }
  }
}