{
  "title": "Yogo_2.jpg",
  "description": "",
  "imageViews": "10",
  "creationTime": {
    "timestamp": "1613915663",
    "formatted": "Feb 21, 2021, 1:54:23 PM UTC"
  },
  "photoTakenTime": {
    "timestamp": "1613062628",
    "formatted": "Feb 11, 2021, 4:57:08 PM UTC"
  },
  "geoData": {
    "latitude": 0.0,
    "longitude": 0.0,
    "altitude": 0.0,
    "latitudeSpan": 0.0,
    "longitudeSpan": 0.0
  },
  "geoDataExif": {
    "latitude": 0.0,
    "longitude": 0.0,
    "altitude": 0.0,
    "latitudeSpan": 0.0,
    "longitudeSpan": 0.0
  },
  "url": "https://lh3.googleusercontent.com/AnDz0Ti9YjMdSUCkHdJJuQ4kOd9pbYJzvgaM4CAjslAiCh25HtsHWm_GQFOumnHMaWFzKqpIzJHRgEyMPts_1LVq2qEqo80K1_AGWw",
  "googlePhotosOrigin": {
    "webUpload": {
      "computerUpload": {
      }
    }
  }
}