{
  "title": "Yogo_1.jpg",
  "description": "",
  "imageViews": "15",
  "creationTime": {
    "timestamp": "1613915668",
    "formatted": "Feb 21, 2021, 1:54:28 PM UTC"
  },
  "photoTakenTime": {
    "timestamp": "1613062496",
    "formatted": "Feb 11, 2021, 4:54:56 PM UTC"
  },
  "geoData": {
    "latitude": 0.0,
    "longitude": 0.0,
    "altitude": 0.0,
    "latitudeSpan": 0.0,
    "longitudeSpan": 0.0
  },
  "geoDataExif": {
    "latitude": 0.0,
    "longitude": 0.0,
    "altitude": 0.0,
    "latitudeSpan": 0.0,
    "longitudeSpan": 0.0
  },
  "url": "https://lh3.googleusercontent.com/AuVxgZ5D1NblaM81-W6hZrvz1IVDvNnDZiygrwsrJqSMohERc_hDoC8DZzp6bG_j7PcpECxEhXDv9rDyi61_i-FOFD00a2zEM_T8FQ",
  "googlePhotosOrigin": {
    "webUpload": {
      "computerUpload": {
      }
    }
  }
}