{
  "title": "Yogo_8.jpg",
  "description": "",
  "imageViews": "8",
  "creationTime": {
    "timestamp": "1613915665",
    "formatted": "Feb 21, 2021, 1:54:25 PM UTC"
  },
  "photoTakenTime": {
    "timestamp": "1613062676",
    "formatted": "Feb 11, 2021, 4:57:56 PM UTC"
  },
  "geoData": {
    "latitude": 0.0,
    "longitude": 0.0,
    "altitude": 0.0,
    "latitudeSpan": 0.0,
    "longitudeSpan": 0.0
  },
  "geoDataExif": {
    "latitude": 0.0,
    "longitude": 0.0,
    "altitude": 0.0,
    "latitudeSpan": 0.0,
    "longitudeSpan": 0.0
  },
  "url": "https://lh3.googleusercontent.com/2Y3OJ5A5-1XVEA5yFa6U19SLl2hIraihW7UGcstqKJ1pAVaKG7upyRwjHYXeNljLwmOvbzB68ywAqxfn10Kk2CzqQfjM8uJv0AxNoQ",
  "googlePhotosOrigin": {
    "webUpload": {
      "computerUpload": {
      }
    }
  }
}