{
  "title": "Yogo_5-COLLAGE.jpg",
  "description": "",
  "imageViews": "4",
  "creationTime": {
    "timestamp": "1613917627",
    "formatted": "Feb 21, 2021, 2:27:07 PM UTC"
  },
  "photoTakenTime": {
    "timestamp": "1613062641",
    "formatted": "Feb 11, 2021, 4:57:21 PM UTC"
  },
  "geoData": {
    "latitude": 0.0,
    "longitude": 0.0,
    "altitude": 0.0,
    "latitudeSpan": 0.0,
    "longitudeSpan": 0.0
  },
  "geoDataExif": {
    "latitude": 0.0,
    "longitude": 0.0,
    "altitude": 0.0,
    "latitudeSpan": 0.0,
    "longitudeSpan": 0.0
  },
  "url": "https://lh3.googleusercontent.com/P2JoStn8jj-oqf2G3uynba_MQ2-70oeV1m3N0KW81Nl89EnArGtnKnAnvMYFoZM3pdJxKAYrtY4Qh1zUueB3aBrzudRnf6-s6J_lcPw",
  "googlePhotosOrigin": {
    "webUpload": {
      "computerUpload": {
      }
    }
  }
}