{
  "title": "Yogo_2-COLLAGE.jpg",
  "description": "",
  "imageViews": "2",
  "creationTime": {
    "timestamp": "1613917699",
    "formatted": "Feb 21, 2021, 2:28:19 PM UTC"
  },
  "photoTakenTime": {
    "timestamp": "1613062641",
    "formatted": "Feb 11, 2021, 4:57:21 PM UTC"
  },
  "geoData": {
    "latitude": 0.0,
    "longitude": 0.0,
    "altitude": 0.0,
    "latitudeSpan": 0.0,
    "longitudeSpan": 0.0
  },
  "geoDataExif": {
    "latitude": 0.0,
    "longitude": 0.0,
    "altitude": 0.0,
    "latitudeSpan": 0.0,
    "longitudeSpan": 0.0
  },
  "url": "https://lh3.googleusercontent.com/la6susIqBIvKaE6j-_aSVrupJ0n2waRncZpaFmKvkeXTRKUhOLEr97zrX0n5067AXIQuB1wASXApfw-annKKcylc_fm1mhL2XuxKC34",
  "googlePhotosOrigin": {
    "webUpload": {
      "computerUpload": {
      }
    }
  }
}