{
  "title": "Yogo_9.jpg",
  "description": "",
  "imageViews": "13",
  "creationTime": {
    "timestamp": "1613915665",
    "formatted": "Feb 21, 2021, 1:54:25 PM UTC"
  },
  "photoTakenTime": {
    "timestamp": "1613062687",
    "formatted": "Feb 11, 2021, 4:58:07 PM UTC"
  },
  "geoData": {
    "latitude": 0.0,
    "longitude": 0.0,
    "altitude": 0.0,
    "latitudeSpan": 0.0,
    "longitudeSpan": 0.0
  },
  "geoDataExif": {
    "latitude": 0.0,
    "longitude": 0.0,
    "altitude": 0.0,
    "latitudeSpan": 0.0,
    "longitudeSpan": 0.0
  },
  "url": "https://lh3.googleusercontent.com/QmIyTyjyvUarMiN6QxOlC0DqRZFT3N66C08C7wGSLhCaGtB2rKYhS7TIt4CwX9V3C5Qdbt05sRvCIkoJAtPR85DMlJO7sKMVCFgXgw",
  "googlePhotosOrigin": {
    "webUpload": {
      "computerUpload": {
      }
    }
  }
}