{
  "title": "Yogo_1-COLLAGE.jpg",
  "description": "",
  "imageViews": "15",
  "creationTime": {
    "timestamp": "1613915869",
    "formatted": "Feb 21, 2021, 1:57:49 PM UTC"
  },
  "photoTakenTime": {
    "timestamp": "1613062688",
    "formatted": "Feb 11, 2021, 4:58:08 PM UTC"
  },
  "geoData": {
    "latitude": 0.0,
    "longitude": 0.0,
    "altitude": 0.0,
    "latitudeSpan": 0.0,
    "longitudeSpan": 0.0
  },
  "geoDataExif": {
    "latitude": 0.0,
    "longitude": 0.0,
    "altitude": 0.0,
    "latitudeSpan": 0.0,
    "longitudeSpan": 0.0
  },
  "url": "https://lh3.googleusercontent.com/KeP0GB7LVfo7dYTkGqulmeazTtrSvkU64sM2Gat2qYxuiBQ94ODPFpgSBmeuWHfPblAlZyj6CMlQjdgRKuklV0XFjc3Gc7E9Hj5Xxw",
  "googlePhotosOrigin": {
    "webUpload": {
      "computerUpload": {
      }
    }
  }
}