{
  "title": "Yogo_1-COLLAGE.jpg",
  "description": "",
  "imageViews": "21",
  "creationTime": {
    "timestamp": "1613915721",
    "formatted": "Feb 21, 2021, 1:55:21 PM UTC"
  },
  "photoTakenTime": {
    "timestamp": "1613062688",
    "formatted": "Feb 11, 2021, 4:58:08 PM UTC"
  },
  "geoData": {
    "latitude": 0.0,
    "longitude": 0.0,
    "altitude": 0.0,
    "latitudeSpan": 0.0,
    "longitudeSpan": 0.0
  },
  "geoDataExif": {
    "latitude": 0.0,
    "longitude": 0.0,
    "altitude": 0.0,
    "latitudeSpan": 0.0,
    "longitudeSpan": 0.0
  },
  "url": "https://lh3.googleusercontent.com/iSULSQ-EheV2w9HLmiFYOd-97ch7JbfjQNVR3NgfOH9NY3EUA_vglA-g3kB5_dKpslps0iS4OQmwojeNOrJ7wRkLLXy1Ke6zlCqMmQ",
  "googlePhotosOrigin": {
    "webUpload": {
      "computerUpload": {
      }
    }
  }
}