{
  "title": "Yogo_3.jpg",
  "description": "",
  "imageViews": "9",
  "creationTime": {
    "timestamp": "1613915665",
    "formatted": "Feb 21, 2021, 1:54:25 PM UTC"
  },
  "photoTakenTime": {
    "timestamp": "1613062635",
    "formatted": "Feb 11, 2021, 4:57:15 PM UTC"
  },
  "geoData": {
    "latitude": 0.0,
    "longitude": 0.0,
    "altitude": 0.0,
    "latitudeSpan": 0.0,
    "longitudeSpan": 0.0
  },
  "geoDataExif": {
    "latitude": 0.0,
    "longitude": 0.0,
    "altitude": 0.0,
    "latitudeSpan": 0.0,
    "longitudeSpan": 0.0
  },
  "url": "https://lh3.googleusercontent.com/e4KSSWGn5mQuZrpWB5-fSjYLFB3faHQ6TjmIrOWaxYM-tY9s2fOYaxaTByCpRrgOKBNR9Bb8fqZ7X3XtuWJekcDfmJfnoe57DGb4mg",
  "googlePhotosOrigin": {
    "webUpload": {
      "computerUpload": {
      }
    }
  }
}