{
  "title": "Yogo_4.jpg",
  "description": "",
  "imageViews": "12",
  "creationTime": {
    "timestamp": "1613915665",
    "formatted": "Feb 21, 2021, 1:54:25 PM UTC"
  },
  "photoTakenTime": {
    "timestamp": "1613062643",
    "formatted": "Feb 11, 2021, 4:57:23 PM UTC"
  },
  "geoData": {
    "latitude": 0.0,
    "longitude": 0.0,
    "altitude": 0.0,
    "latitudeSpan": 0.0,
    "longitudeSpan": 0.0
  },
  "geoDataExif": {
    "latitude": 0.0,
    "longitude": 0.0,
    "altitude": 0.0,
    "latitudeSpan": 0.0,
    "longitudeSpan": 0.0
  },
  "url": "https://lh3.googleusercontent.com/SEUthMc_kxDt7L-nh2mVU1-sA3RMaHkjG4ipIpdg8VHIuJ_tC1WG0wCSRGoZM-Xc4sZZSi8tOjiePOpIw-ft58vE5IPMZKmrBgr88Q",
  "googlePhotosOrigin": {
    "webUpload": {
      "computerUpload": {
      }
    }
  }
}