{
  "title": "Yogo_7.jpg",
  "description": "",
  "imageViews": "8",
  "creationTime": {
    "timestamp": "1613915665",
    "formatted": "Feb 21, 2021, 1:54:25 PM UTC"
  },
  "photoTakenTime": {
    "timestamp": "1613062667",
    "formatted": "Feb 11, 2021, 4:57:47 PM UTC"
  },
  "geoData": {
    "latitude": 0.0,
    "longitude": 0.0,
    "altitude": 0.0,
    "latitudeSpan": 0.0,
    "longitudeSpan": 0.0
  },
  "geoDataExif": {
    "latitude": 0.0,
    "longitude": 0.0,
    "altitude": 0.0,
    "latitudeSpan": 0.0,
    "longitudeSpan": 0.0
  },
  "url": "https://lh3.googleusercontent.com/UqwnY_0yvKaIH-gBC-1lFICjV1Y7_yqKTrtmRjx4sH0tSHG_FHlKlyrd9Fv7t3mYoPhaUyjGXsFhy359snKYmQ1uA4Bu3__X5KLJrg",
  "googlePhotosOrigin": {
    "webUpload": {
      "computerUpload": {
      }
    }
  }
}