{
  "title": "Yogo_1_Edited.jpg",
  "description": "",
  "imageViews": "14",
  "creationTime": {
    "timestamp": "1613917426",
    "formatted": "Feb 21, 2021, 2:23:46 PM UTC"
  },
  "photoTakenTime": {
    "timestamp": "1613062496",
    "formatted": "Feb 11, 2021, 4:54:56 PM UTC"
  },
  "geoData": {
    "latitude": 0.0,
    "longitude": 0.0,
    "altitude": 0.0,
    "latitudeSpan": 0.0,
    "longitudeSpan": 0.0
  },
  "geoDataExif": {
    "latitude": 0.0,
    "longitude": 0.0,
    "altitude": 0.0,
    "latitudeSpan": 0.0,
    "longitudeSpan": 0.0
  },
  "url": "https://lh3.googleusercontent.com/qEyuhk9I-9ePI4dLU1eyd9KS3E_4cTpQDkuQUy7QphjcTc6c49Wyxf44E8Vug5DUTqpqrkmtiBjpW3lU-ljAGzOLicyXkJk1Cou1eA",
  "googlePhotosOrigin": {
    "webUpload": {
      "computerUpload": {
      }
    }
  }
}