[{
  "device": {
    "mostRecentData": {
      "carrierName": "Airtel",
      "playStoreClientVersion": 82601610,
      "manufacturer": "OPPO",
      "modelName": "CPH1919",
      "deviceName": "OP4845",
      "productName": "CPH1919",
      "retailBrand": "OPPO",
      "totalMemoryBytes": "5743132672",
      "nativePlatform": ["arm64-v8a", "armeabi-v7a", "armeabi"],
      "deviceIpCountry": "IN",
      "userLocale": "en_US",
      "buildFingerprint": "OPPO/CPH1919/OP4845:11/RKQ1.200928.002/1615456116130:user/release-keys",
      "androidSdkVersion": "30"
    },
    "dataAtTimeOfUserPlayActivity": {
      "carrierName": "Airtel",
      "manufacturer": "OPPO",
      "modelName": "CPH1919",
      "deviceName": "OP4845",
      "productName": "CPH1919",
      "retailBrand": "OPPO",
      "nativePlatform": ["arm64-v8a", "armeabi-v7a", "armeabi"],
      "deviceIpCountry": "IN",
      "userLocale": "en_US",
      "androidSdkVersion": "30"
    },
    "deviceRegistrationTime": "2019-06-15T12:34:00.063Z",
    "userAddedOnDeviceTime": "2019-12-23T10:56:57.173Z",
    "lastTimeDeviceActive": "2021-07-03T03:31:15.760735Z"
  }
}]