[{
  "libraryDoc": {
    "doc": {
      "documentType": "Android Apps",
      "title": "Call of Duty®: Mobile - Season 5: In Deep Water"
    },
    "acquisitionTime": "2020-01-04T06:09:09.584Z"
  }
},
{
  "libraryDoc": {
    "doc": {
      "documentType": "Android Apps",
      "title": "Google Calendar"
    },
    "acquisitionTime": "2020-01-15T01:46:29.359Z"
  }
},
{
  "libraryDoc": {
    "doc": {
      "documentType": "Android Apps",
      "title": "Google Play Services for AR"
    },
    "acquisitionTime": "2020-02-05T04:54:48.240Z"
  }
},
{
  "libraryDoc": {
    "doc": {
      "documentType": "Android Apps",
      "title": "Google Chrome: Fast \u0026 Secure"
    },
    "acquisitionTime": "2020-02-05T04:55:58.138Z"
  }
},
{
  "libraryDoc": {
    "doc": {
      "documentType": "Android Apps",
      "title": "YouTube"
    },
    "acquisitionTime": "2020-02-10T03:11:09.673Z"
  }
},
{
  "libraryDoc": {
    "doc": {
      "documentType": "Android Apps",
      "title": "Google Maps"
    },
    "acquisitionTime": "2020-03-17T13:48:17.701Z"
  }
},
{
  "libraryDoc": {
    "doc": {
      "documentType": "Android Apps",
      "title": "Android System WebView"
    },
    "acquisitionTime": "2020-04-01T16:21:35.663Z"
  }
},
{
  "libraryDoc": {
    "doc": {
      "documentType": "Android Apps",
      "title": "Android Auto"
    },
    "acquisitionTime": "2020-04-08T05:22:11.088Z"
  }
}]