Playlist Id,Channel Id,Time Created,Time Updated,Title,Description,Visibility
PLv3eJjwWPPOBDDfJ9tJOjKCWOJVz3dIyD,UCmuBsffx50sv7dFySQACXAw,2020-03-14 16:35:15 UTC,2020-10-26 10:51:23 UTC,Deep Learning,,Private

Video Id,Time Added
Mv15RZyTLJA,2020-03-14 16:35:15 UTC
sX3fd4uQQcs,2020-03-14 16:35:24 UTC
cTaRPB7jqq4,2020-03-14 16:35:30 UTC
rxmIZNTu91k,2020-03-14 16:35:36 UTC
92FZCIZg0Gw,2020-03-17 14:50:03 UTC
uUtprRkIMOg,2020-03-17 14:54:42 UTC
PDMAJ82N8c8,2020-09-07 13:53:02 UTC
ooDVCt1ASyQ,2020-10-08 18:31:20 UTC
nJG2rzipXAI,2020-10-26 10:51:23 UTC

