Playlist Id,Channel Id,Time Created,Time Updated,Title,Description,Visibility
LLmuBsffx50sv7dFySQACXAw,UCmuBsffx50sv7dFySQACXAw,2019-12-25 08:28:00 UTC,2021-07-06 05:46:51 UTC,Liked videos,,Private

Video Id,Time Added
hjUghJV1y4w,2021-07-06 04:36:09 UTC
WNb5-UoHtQk,2021-07-05 18:32:24 UTC
wShg4wliAb8,2021-07-05 08:19:45 UTC
PG4Rmi9v760,2021-07-04 16:58:17 UTC
DvYxBZqyKJw,2021-07-04 14:41:35 UTC
l7vTN_LuBl0,2021-07-04 06:09:44 UTC
ye_OwDQa2ao,2021-07-04 04:59:06 UTC
5gg0bBdQPqI,2021-07-02 18:03:43 UTC
cWOpkTWg2vE,2021-07-02 15:17:07 UTC
0vV7rXDndtA,2021-07-02 14:46:10 UTC
6em3tjsPmUQ,2021-07-02 14:22:49 UTC
ztziAK5s9Ao,2021-07-01 17:09:20 UTC
LPEhMGCil7s,2021-07-01 12:06:57 UTC
2aeiOrJ_uBo,2021-07-01 05:33:51 UTC
RJOcq-viZ4Y,2021-06-30 10:17:53 UTC
ezP8YpPfDwk,2021-06-30 04:35:08 UTC
SbWri4cht1s,2021-06-30 02:32:52 UTC
UzZ5Es1Rdrk,2021-06-29 19:14:38 UTC
U_GWxjnhmDQ,2021-06-29 18:33:22 UTC
w8HHChbVQKc,2021-06-29 17:43:51 UTC
01E7nqiVNTk,2021-06-29 15:44:21 UTC
moJz52JQ8AM,2021-06-29 07:40:49 UTC
RjjrAzSezCs,2021-06-29 06:37:55 UTC
owYsUQIOP5k,2021-06-29 04:41:15 UTC
xSqjrV5YSdQ,2021-06-28 15:18:44 UTC
H9rkBwQIWuE,2021-06-28 14:43:23 UTC
00Wultzy638,2021-06-28 14:13:23 UTC
GBJCh9VcLKc,2021-06-27 17:51:53 UTC
pmojHMOtAiE,2021-06-27 13:31:59 UTC
ovlpDQxdbSA,2021-06-27 13:15:51 UTC
YFNEN0eTZ5A,2021-06-27 12:20:08 UTC
nMAWdCG3bK8,2021-06-27 11:58:54 UTC
LFntduwEBU4,2021-06-27 11:46:41 UTC
YC-JgmId-ow,2021-06-27 11:28:48 UTC
bBLEJ7pzEkw,2021-06-27 05:40:23 UTC
lRIS7nITRDo,2021-06-26 18:12:28 UTC
mRyiiBEXFcc,2021-06-26 18:08:41 UTC
FKgJEfrhU1E,2021-06-26 16:12:59 UTC
RTIbZO6M9_Q,2021-06-26 13:02:29 UTC
cWax6Zx2pcU,2021-06-26 11:35:27 UTC
culoRcT6gKw,2021-06-26 10:05:42 UTC
3-0lrckkIL0,2021-06-26 06:00:56 UTC
FoKaOCKfwpk,2021-06-26 05:47:42 UTC
nzsfCeVuwtQ,2021-06-25 19:47:07 UTC
hEuGbAbzHCA,2021-06-25 09:51:53 UTC
9wWHVjyJri4,2021-06-24 18:05:17 UTC
oS-79fObxUg,2021-06-24 09:24:00 UTC
SAlVPyKFdw4,2021-06-23 19:42:44 UTC
7Qx98cnIy5Y,2021-06-23 19:40:49 UTC
bE2hQJVqgAE,2021-06-23 06:13:39 UTC
aRIokJVt9v0,2021-06-20 11:20:36 UTC
I1lJo2D23G0,2021-06-20 10:47:54 UTC
QasEvQjoUMA,2021-06-20 09:34:59 UTC
BfuN9SlIaTA,2021-06-19 07:22:25 UTC
tjLprFy1xrw,2021-06-18 18:41:01 UTC
vF9QRJwJXJk,2021-06-18 05:36:55 UTC
Ou4hGF24XaY,2021-06-16 18:49:20 UTC
3ww0fWAeSHU,2021-06-14 04:37:33 UTC
jKxeb_oZS90,2021-06-13 18:43:35 UTC
cKikS3wlpiE,2021-06-13 17:26:25 UTC
ID6dZSO9X0o,2021-06-13 16:31:23 UTC
nPnzAIbXO0k,2021-06-13 09:10:05 UTC
Yus3kMtf6k8,2021-06-12 17:48:07 UTC
h_thsuK9DzM,2021-06-12 13:15:49 UTC
DT9wTZpwZZY,2021-06-12 06:12:43 UTC
J0Jp4UHpgxQ,2021-06-12 06:07:01 UTC
vHbcA5OJZ1U,2021-06-12 05:09:23 UTC
D53a7m1YvBE,2021-06-11 14:26:14 UTC
bkwMn2CBpwU,2021-06-11 06:23:33 UTC
kgPVtnju2Os,2021-06-10 09:58:23 UTC
F31u5VNU-rg,2021-06-10 02:00:50 UTC
ztiR8Tzfa2k,2021-06-08 11:07:43 UTC
xtJxce-BFvg,2021-06-08 06:22:44 UTC
0cKWRqHYzW0,2021-06-08 06:16:12 UTC
WzukzJX9nH4,2021-06-06 17:25:20 UTC
eVrGp9VhskA,2021-06-06 17:13:12 UTC
opF9Uj2feQg,2021-06-06 15:13:34 UTC
IZyZ1GWo2sw,2021-06-06 10:30:07 UTC
67F--X6g2Aw,2021-06-06 08:49:59 UTC
ynZBYcwakuc,2021-06-05 17:04:42 UTC
pMzFrfBWSAM,2021-06-05 16:07:34 UTC
lCDY_q5lkyw,2021-06-04 18:34:20 UTC
gSR-hOCSHs4,2021-06-04 17:21:15 UTC
qstLhWCopys,2021-06-04 17:01:01 UTC
6m87XNrThRo,2021-06-04 06:07:38 UTC
8hUtHm8-itQ,2021-06-04 05:29:35 UTC
qIfOJ1sdUTc,2021-06-04 02:40:47 UTC
WG0jpZjzGF0,2021-06-03 18:57:35 UTC
mYhAQ289D9Y,2021-06-02 03:38:59 UTC
kQnHVYAWofg,2021-06-01 16:46:25 UTC
532LoaNM2PU,2021-05-30 17:19:20 UTC
AYsWTI6oezA,2021-05-30 14:33:35 UTC
nvBPoGw4-68,2021-05-29 09:58:44 UTC
CdOV-KcQ-VM,2021-05-29 09:49:29 UTC
NkUe2hPqxE0,2021-05-29 06:04:32 UTC
0t_n8B3egdM,2021-05-28 10:58:12 UTC
XDy7SBTIjDc,2021-05-28 10:36:54 UTC
yN_OdXSam78,2021-05-28 09:53:06 UTC
1H6-h3ZAuBE,2021-05-28 08:28:52 UTC
JOlLBAEFozM,2021-05-28 05:21:47 UTC
OD8UYVFXuMo,2021-05-28 05:14:22 UTC
x4Y7KsCWmqg,2021-05-28 03:46:47 UTC
bcWsoFz-eiE,2021-05-27 12:02:36 UTC
udA-5MN2f4U,2021-05-26 05:12:36 UTC
FLDF8MvbsmE,2021-05-25 20:05:18 UTC
m69i3crg6v8,2021-05-24 15:06:38 UTC
2KM8boaPp_4,2021-05-24 09:01:55 UTC
VyIxZQNaZCc,2021-05-24 06:11:36 UTC
q_v2hLPZXK8,2021-05-23 18:44:16 UTC
GiFII_vsx1w,2021-05-23 17:09:44 UTC
w1STSSumoVk,2021-05-23 12:30:27 UTC
7Dq2CDhnAXQ,2021-05-22 09:05:53 UTC
VQnmcBnguPY,2021-05-22 07:21:23 UTC
aUsviiS4K-w,2021-05-21 14:11:58 UTC
WPMkrbrlqZY,2021-05-20 18:44:54 UTC
LCuR-ytieJs,2021-05-20 17:20:14 UTC
vmykJZEu2Bw,2021-05-20 05:20:28 UTC
W9doqY7EOvA,2021-05-19 17:12:55 UTC
BIFFxFPPgfQ,2021-05-19 13:10:40 UTC
kRIOqy-ho68,2021-05-19 09:37:26 UTC
DyVyHgKFbh8,2021-05-19 05:56:44 UTC
ODVbm-vrHIU,2021-05-19 04:03:58 UTC
7w0QaPC7OYk,2021-05-18 17:13:09 UTC
Edh1pz95CMw,2021-05-18 17:05:30 UTC
890fhmbSMsU,2021-05-18 14:10:55 UTC
YmkUFDseLb4,2021-05-18 12:19:00 UTC
4k0WeCrnFHw,2021-05-18 09:10:41 UTC
NhisduKa2dk,2021-05-17 18:33:14 UTC
aPKfb0fEtuU,2021-05-17 13:24:13 UTC
UhcHVMXCeKQ,2021-05-17 04:10:26 UTC
0LVQm2VVaU0,2021-05-17 02:49:55 UTC
YKaTkxj9fiM,2021-05-16 18:22:13 UTC
wEwqVOu_a3k,2021-05-16 10:40:24 UTC
w9t1hanbVS8,2021-05-16 07:10:48 UTC
dwU2NsRIT-A,2021-05-15 17:21:55 UTC
BZXA2EBS0Tg,2021-05-15 07:38:08 UTC
ZjBLbXUuyWg,2021-05-15 06:25:11 UTC
nQ_h9aautPA,2021-05-15 02:37:06 UTC
_hfMmFx85KE,2021-05-14 14:10:17 UTC
gnufI1Td-eo,2021-05-14 07:07:27 UTC
tuKICZkhDtY,2021-05-14 05:19:59 UTC
ammva6g_F9E,2021-05-14 04:06:52 UTC
GTrqqcxdGkw,2021-05-13 19:59:17 UTC
yqUEkWpSE8E,2021-05-13 15:11:56 UTC
HKbVLSh1AxU,2021-05-13 15:01:25 UTC
RV85ELXqjF4,2021-05-13 14:11:05 UTC
EHxUR5c91h4,2021-05-13 14:01:28 UTC
ayuQuv8mKeE,2021-05-13 07:07:15 UTC
Wei2gJ060As,2021-05-13 06:42:45 UTC
IGXx-_foZS4,2021-05-12 05:54:54 UTC
FGsn3VZEGZ4,2021-05-11 09:42:25 UTC
o4pjUd0MrSw,2021-05-10 18:39:03 UTC
pOtEjO3hXQA,2021-05-10 13:07:43 UTC
9AnqDbYGCjo,2021-05-09 15:34:08 UTC
4wEhK_KiM5Q,2021-05-09 12:04:07 UTC
2gFbFuunHRM,2021-05-09 11:57:22 UTC
Oi4I0szrVSg,2021-05-09 10:52:04 UTC
iWUaC5wnF0w,2021-05-08 17:36:10 UTC
oFdSRshrNSk,2021-05-08 16:55:08 UTC
ubpfrNNJz2U,2021-05-08 12:25:06 UTC
PyWDikwLAic,2021-05-08 09:50:35 UTC
xMO1hpY3r5I,2021-05-08 07:22:39 UTC
lOuh6GrDKpo,2021-05-08 06:02:01 UTC
3i3Cgea6wzw,2021-05-07 10:25:56 UTC
hMslQHdL4sA,2021-05-07 06:18:22 UTC
hov0fb5L334,2021-05-06 17:18:06 UTC
zzsigXm6tZg,2021-05-06 15:01:55 UTC
MxSev5yXwr4,2021-05-06 07:06:53 UTC
POPLF-Qc0OU,2021-05-06 04:22:07 UTC
lgm6j-HfINw,2021-05-05 18:06:41 UTC
3g0BqNQAAnA,2021-05-05 05:25:03 UTC
t83dIG5vL20,2021-05-04 13:54:40 UTC
-5tghKMTdTU,2021-05-04 13:44:36 UTC
xBaff9sXf9A,2021-05-04 09:21:25 UTC
WyZmM6K7ubc,2021-05-04 08:24:44 UTC
i4oEZpjLSoc,2021-05-04 07:18:12 UTC
Bq1AXnTgwto,2021-05-04 06:05:57 UTC
tzmxReV-8b0,2021-05-03 18:46:33 UTC
rDjKa21J7FE,2021-05-03 16:52:59 UTC
6aykctwxN4o,2021-05-03 16:36:36 UTC
SiJ2_Vw44B4,2021-05-03 14:20:13 UTC
IqtCp6ENFdA,2021-05-03 13:12:52 UTC
VCQwC8Pc7fw,2021-05-03 07:30:31 UTC
ZNs_1Adu7Zk,2021-05-02 19:08:27 UTC
9b7M0SyrWhY,2021-05-02 13:44:16 UTC
mCjjgwSVMvM,2021-05-02 02:36:51 UTC
hTELHtc4Dfk,2021-05-01 18:15:15 UTC
4dCeF3okGNU,2021-05-01 17:39:04 UTC
spQUDk1_L5Y,2021-05-01 16:26:05 UTC
0vS9cXqLpfo,2021-05-01 13:23:39 UTC
EVJIk2WOCyQ,2021-05-01 05:24:25 UTC
a6U7pboVW3o,2021-05-01 05:16:15 UTC
GcNntR77iPc,2021-05-01 04:50:18 UTC
p_RBmg7V8GQ,2021-05-01 04:46:38 UTC
UjLKAXpwCGY,2021-04-30 16:44:31 UTC
7YNrDnNMMPI,2021-04-29 15:58:53 UTC
OAScOsQwp1c,2021-04-29 15:39:30 UTC
961uI3cn-Kc,2021-04-29 11:57:01 UTC
fgyTSzLwhsA,2021-04-28 16:27:47 UTC
ZPzY9Vt1xc8,2021-04-27 16:51:39 UTC
iu_iK5-dSJQ,2021-04-26 15:37:13 UTC
NAOwJ57Rq7U,2021-04-26 11:44:09 UTC
0yzvoyBuLh4,2021-04-26 06:54:26 UTC
drYducTXeEw,2021-04-26 06:11:19 UTC
QajN6fZHDsw,2021-04-24 18:29:39 UTC
j1P5jsAdLao,2021-04-24 18:28:01 UTC
eI0u9L8HlFU,2021-04-23 16:41:27 UTC
B5BtLom3WuQ,2021-04-22 18:33:41 UTC
_wnb6DHCCK8,2021-04-22 11:33:16 UTC
_DcU6H7zi6A,2021-04-22 09:57:24 UTC
TsLn7epIysU,2021-04-22 06:51:20 UTC
XKHaHNTS4wo,2021-04-20 16:47:06 UTC
6PjQHRHT2k0,2021-04-20 07:09:45 UTC
fqjijsWjpPo,2021-04-19 17:47:19 UTC
79xgoeYhR-o,2021-04-18 06:57:10 UTC
ZTlgLEajAPo,2021-04-17 18:30:29 UTC
2OPTlEUbWtY,2021-04-17 13:48:47 UTC
MBtrRhY76ZE,2021-04-17 13:15:32 UTC
GzieeRC_uYE,2021-04-16 20:01:40 UTC
JGKRThjyhug,2021-04-14 06:14:22 UTC
bsm4T2xSAXU,2021-04-13 17:55:04 UTC
w9Ykgg2iP8Q,2021-04-13 12:30:55 UTC
HZ34CO7Wf7M,2021-04-13 07:37:43 UTC
vLNQFQfb8CU,2021-04-12 16:59:26 UTC
dNbGSv0-i4g,2021-04-12 11:07:43 UTC
Nvqx27UREiM,2021-04-11 12:48:45 UTC
W2vZFPoD5WM,2021-04-11 10:06:34 UTC
jYXy47yIvmY,2021-04-10 10:50:59 UTC
gLu0zSCm2EQ,2021-04-10 04:39:14 UTC
sGgxDYO6JEE,2021-04-10 03:09:46 UTC
L1RTuLIXMKw,2021-04-09 14:24:32 UTC
4RrcYfslrPY,2021-04-09 10:36:37 UTC
1mAtWIaLt5o,2021-04-09 06:38:03 UTC
xALzPfpEkjc,2021-04-09 02:09:43 UTC
iBgeZL_ocdI,2021-04-08 18:42:06 UTC
XrjgBwfFj68,2021-04-08 17:48:43 UTC
iHczGwbvDu0,2021-04-08 07:05:32 UTC
rsue2235AQM,2021-04-08 05:12:39 UTC
7_rGlUdGYAA,2021-04-07 09:30:11 UTC
M5_WVtO4tPs,2021-04-06 08:17:45 UTC
aU0kZ5CGAC8,2021-04-05 16:23:27 UTC
1PreV5kdV9s,2021-04-05 06:02:11 UTC
D6tD4bJYtrc,2021-04-05 02:06:02 UTC
 -ZkkK6YfYH0,2021-04-05 01:39:55 UTC
0K3GEX4Me6I,2021-04-04 06:18:31 UTC
2Q333kQGJPA,2021-04-03 18:38:10 UTC
A97HFCErO90,2021-04-03 18:27:40 UTC
dRibCqMFBt4,2021-04-03 10:36:08 UTC
cODRTKP-Yq0,2021-04-02 11:44:46 UTC
gFByY1_tIMw,2021-04-01 06:43:54 UTC
YB7ngxCXAkQ,2021-03-31 18:04:28 UTC
ZswUkGZat10,2021-03-30 16:57:53 UTC
XVENt5Ra1dI,2021-03-30 08:42:20 UTC
IpCLPfsXRh0,2021-03-29 06:35:03 UTC
7w7AmIEm-Sk,2021-03-27 20:34:57 UTC
zQHkH7Z3-eY,2021-03-27 13:00:46 UTC
F1aONBeYSxk,2021-03-27 09:40:31 UTC
C-8rb9f7_CM,2021-03-26 06:18:54 UTC
ch-SZc2FBqY,2021-03-25 09:45:14 UTC
dN60fkxABZs,2021-03-25 03:40:27 UTC
cT-s4pRN5Cc,2021-03-24 05:39:56 UTC
xuvRi9sHYUs,2021-03-22 17:54:11 UTC
Wn_cwwx0IGc,2021-03-22 04:51:01 UTC
54jYx3bxy_c,2021-03-21 15:27:07 UTC
NVhgJoK69fM,2021-03-20 04:23:12 UTC
VwbPpLn7Xs8,2021-03-19 19:08:13 UTC
gNEiul21Mlo,2021-03-19 19:02:16 UTC
VcJEtSXNFWU,2021-03-19 19:01:06 UTC
JQ8ldBmZqG8,2021-03-19 17:52:24 UTC
mMaW0NJSLB0,2021-03-18 06:10:52 UTC
Gw5LRYUu_Vk,2021-03-17 04:08:55 UTC
iPxVaQAiu-M,2021-03-16 05:32:31 UTC
uYgTyVS_o_c,2021-03-16 02:51:36 UTC
3f62gWZ__x8,2021-03-15 14:46:13 UTC
uKXvjTZZFvw,2021-03-13 08:06:24 UTC
ZbIRuevLtPo,2021-03-12 08:47:04 UTC
s_twLYgVrD8,2021-03-12 05:20:41 UTC
6t8pfHh4Hio,2021-03-11 18:11:28 UTC
DIVQ_-Oc0Kc,2021-03-11 18:05:48 UTC
2FU9goSXLD0,2021-03-11 17:43:36 UTC
_3jLKQQkS_I,2021-03-10 05:52:01 UTC
U3RkDLtS7uY,2021-03-10 05:06:41 UTC
GyYD87g12-Y,2021-03-08 13:19:57 UTC
zp34BIrL5bg,2021-03-08 11:24:02 UTC
j55QEiad-gY,2021-03-08 08:26:31 UTC
 -ofA7qn8ja0,2021-03-08 02:00:35 UTC
qBWsZzBiD9k,2021-03-08 01:09:50 UTC
ZujKf_3wRdw,2021-03-07 16:46:50 UTC
Kp4jAI732Ts,2021-03-07 12:31:30 UTC
BTz-VzBr1l4,2021-03-06 14:43:09 UTC
eM8vb1Zq9yA,2021-03-06 14:27:04 UTC
xaJ4xV65eDg,2021-03-05 02:47:56 UTC
dNGRzDQwXBM,2021-03-04 05:44:55 UTC
ofHeGkOTxxg,2021-03-02 06:04:26 UTC
AeADlD2DO_c,2021-03-01 14:30:30 UTC
YRpEwqCiFz8,2021-02-28 16:40:17 UTC
tr3DhIf5TVA,2021-02-28 16:09:53 UTC
FxgWr50g_QA,2021-02-28 08:45:19 UTC
R-gTgrr4SeQ,2021-02-28 02:26:09 UTC
8U0GsLRReUo,2021-02-27 15:52:33 UTC
gHYi4DbZj7A,2021-02-27 05:42:36 UTC
u4etMWVCnQo,2021-02-26 17:15:39 UTC
fwt6XIH0HAQ,2021-02-21 15:02:27 UTC
2Fi38FOBstM,2021-02-21 11:45:21 UTC
UTPVRmObtqw,2021-02-20 16:08:20 UTC
J9gScZK3re4,2021-02-18 06:03:59 UTC
Hd8EB8Y24i4,2021-02-18 02:19:02 UTC
kqf9DG4RHlQ,2021-02-17 17:44:01 UTC
ZW7Dm2uLM3M,2021-02-17 11:42:10 UTC
7v8WkG21Rg4,2021-02-17 07:19:59 UTC
Uc6685XEqcA,2021-02-17 02:41:03 UTC
_XZ8odBwgWc,2021-02-13 18:08:22 UTC
poZHho7ZjKA,2021-02-13 09:20:49 UTC
qrqXAc2PYIQ,2021-02-12 19:45:45 UTC
F2LTG1p20zM,2021-02-12 19:30:25 UTC
ZUcvKWegSGw,2021-02-12 18:34:54 UTC
py7aOsM6PeE,2021-02-11 13:13:46 UTC
7gKBBLpamfA,2021-02-10 13:50:19 UTC
iED1uozoe44,2021-02-09 17:03:51 UTC
db3vOg5_360,2021-02-09 13:39:49 UTC
Wh6ByFtGCgE,2021-02-07 17:42:19 UTC
9lyShaJ29GA,2021-02-07 03:47:05 UTC
GAZArsLdLdU,2021-02-06 16:38:37 UTC
 -yo_Sth-v8k,2021-02-06 14:27:38 UTC
8juz64JqUHE,2021-02-06 01:39:11 UTC
g5Vox9sYyXw,2021-02-05 18:19:45 UTC
SIBxvZoQ9R8,2021-02-05 09:51:51 UTC
IGjEQG6r-Qs,2021-02-05 07:02:54 UTC
rdaYlsYSiCU,2021-02-04 18:02:49 UTC
hFSAxx_41Ug,2021-02-04 07:59:36 UTC
J6mA2BTd0qw,2021-02-03 18:25:02 UTC
tM4GudMZ6vA,2021-01-31 17:48:21 UTC
aAsl2soV3po,2021-01-31 16:04:47 UTC
UPX8Ca7BEeM,2021-01-31 15:01:34 UTC
axeM41thDPw,2021-01-31 06:46:31 UTC
0kzrUFx8DyI,2021-01-30 17:09:57 UTC
 -JhXrDMi8XE,2021-01-30 13:05:38 UTC
_gFg9t6lrdw,2021-01-29 10:02:04 UTC
cfojwUQIvNk,2021-01-28 16:48:58 UTC
Ztt9ZjdNE4Q,2021-01-28 15:09:14 UTC
LnKef9_nuKM,2021-01-28 09:16:20 UTC
8MTp25E94iY,2021-01-28 03:32:35 UTC
DoaLivu5XXE,2021-01-27 09:35:01 UTC
eNJsjQZGGUg,2021-01-27 06:43:55 UTC
73pvlYd3eNQ,2021-01-26 11:29:55 UTC
ex1-e1nXhkY,2021-01-25 17:53:09 UTC
SBtalFdeqRc,2021-01-25 17:45:14 UTC
NSOjQqW1uew,2021-01-25 04:27:34 UTC
8cVrVCFK5ik,2021-01-24 17:57:36 UTC
iPld9230ca8,2021-01-23 18:45:07 UTC
5L6mMbdBk7k,2021-01-23 17:10:38 UTC
UhiHe4R3T70,2021-01-23 09:56:12 UTC
i2ZPhATEjVY,2021-01-23 02:17:10 UTC
UjLLk969Y6c,2021-01-22 07:31:34 UTC
e5Nsj374iE0,2021-01-21 06:07:18 UTC
fTBl0YXeabM,2021-01-19 12:08:35 UTC
iL8f2A0CD98,2021-01-18 15:13:32 UTC
YAJuNVJF_28,2021-01-18 14:46:00 UTC
CJxynE46iRE,2021-01-18 10:49:18 UTC
ezV6Ry2LVyI,2021-01-18 07:46:45 UTC
xNf7QUSFfwM,2021-01-18 00:32:30 UTC
HeuUDM9R62Y,2021-01-17 17:49:09 UTC
uaaQkuCKFs8,2021-01-17 17:22:03 UTC
7e5bBzVpt-I,2021-01-16 19:12:40 UTC
Qev3YcO4ud4,2021-01-16 19:09:48 UTC
lk8jeDny2Ok,2021-01-16 19:04:45 UTC
C18G0W7ZSIo,2021-01-16 18:10:17 UTC
1D6ulu6elJ8,2021-01-15 17:47:51 UTC
fl46yclKPyU,2021-01-15 12:05:26 UTC
5fLenNB8vuo,2021-01-13 20:19:08 UTC
PSwYuT7Efxs,2021-01-13 16:36:33 UTC
K0wquCCEZjw,2021-01-13 11:21:18 UTC
kWts0QD5PMo,2021-01-13 07:54:57 UTC
Grau4RdXwxU,2021-01-13 03:36:53 UTC
Vy9yu_UHYe0,2021-01-12 18:53:06 UTC
G45VK--eu5w,2021-01-12 16:31:31 UTC
gtyCJCmT-qA,2021-01-12 16:29:43 UTC
ye9e7qctw3I,2021-01-12 12:07:57 UTC
I_lOzk-Xh_c,2021-01-12 07:25:17 UTC
V_l631E0WXE,2021-01-11 14:43:57 UTC
UxMviPTUNuo,2021-01-11 07:33:01 UTC
qm7-Xr1kTmk,2021-01-10 16:45:05 UTC
ywZ1s-FWRy0,2021-01-10 07:34:19 UTC
oWev1THtA04,2021-01-10 06:41:02 UTC
Y1TZEH5XCjo,2021-01-09 14:23:39 UTC
uvvuUW_Jah8,2021-01-09 10:32:39 UTC
 -ASqagq8NYM,2021-01-09 09:57:18 UTC
COh_kroobrc,2021-01-09 09:38:22 UTC
p7cS77pb9AQ,2021-01-08 18:16:26 UTC
NMuzLkgDUYo,2021-01-08 10:27:38 UTC
VJtd42_o0Lg,2021-01-08 09:55:50 UTC
A-fLhFjNYrE,2021-01-08 07:02:52 UTC
pnE2rpp64l0,2021-01-07 14:58:19 UTC
R1jEqT4OovM,2021-01-07 12:48:38 UTC
d_cd3pbTP5Y,2021-01-06 12:16:36 UTC
l79OZuus7sU,2021-01-05 19:41:25 UTC
A4koDPeQ5Pk,2021-01-05 15:40:54 UTC
Urxqn49Hlq8,2021-01-05 11:54:59 UTC
oo07eDIFfsM,2021-01-05 05:37:02 UTC
3SSADUzWOR8,2021-01-05 05:02:45 UTC
UYA9jlUyWOQ,2021-01-05 03:48:57 UTC
S34QfQaMxDE,2021-01-04 14:23:24 UTC
KfQ7TgGyrIs,2021-01-04 09:52:36 UTC
73E9Nb8mdjk,2021-01-03 18:30:11 UTC
Ejdx2YEIcPc,2021-01-03 18:11:37 UTC
iEMAx208wdc,2021-01-03 15:14:05 UTC
ktvSVaOpEyc,2021-01-03 14:11:07 UTC
xN_Da34AuZs,2021-01-03 10:49:36 UTC
LLy_lnNPAb8,2021-01-03 06:34:53 UTC
Qu36s8Lv4Gg,2021-01-02 18:44:13 UTC
WEax6fCi6H4,2021-01-02 17:20:42 UTC
MwDI6t0id0c,2021-01-02 16:52:31 UTC
jiTjyd3PpIQ,2021-01-02 15:17:47 UTC
cBgP7iZPRLQ,2021-01-02 13:55:27 UTC
ut2VOW7JYAA,2021-01-02 13:43:42 UTC
dbvuDV1ZzoI,2020-12-31 17:44:17 UTC
3tCSt1AJpAs,2020-12-31 16:31:52 UTC
MRUBl4olks4,2020-12-31 13:40:34 UTC
41OCJcVgq7c,2020-12-31 13:39:34 UTC
IPnCFyml4uY,2020-12-31 12:17:41 UTC
L8rn7dqpGl0,2020-12-31 07:34:30 UTC
6zXUj70zb2o,2020-12-31 04:38:53 UTC
b3Ui2chY2rk,2020-12-30 13:33:52 UTC
HScFo78vGr8,2020-12-30 06:00:58 UTC
znVN_6752iA,2020-12-29 10:01:23 UTC
w7-ToiUAQUI,2020-12-28 15:01:30 UTC
rBlGRWeNAUI,2020-12-28 10:02:10 UTC
21VfmxmPGVs,2020-12-28 09:39:11 UTC
4FO5RlmsxGA,2020-12-27 17:08:19 UTC
BHFgd-Q2AHM,2020-12-27 14:27:39 UTC
El60e7cTzlA,2020-12-27 12:02:59 UTC
r71q48YVJRU,2020-12-27 10:51:15 UTC
vcUw6N3U54E,2020-12-27 09:47:54 UTC
W1n2nRe4ZCs,2020-12-27 07:23:06 UTC
m0EtkxvYS9I,2020-12-25 13:59:33 UTC
4JSYiIs041A,2020-12-25 10:22:16 UTC
ttc0k5fmgmc,2020-12-25 07:21:37 UTC
xnrYm9fvtPc,2020-12-25 05:26:40 UTC
eI6btcrcrdY,2020-12-24 08:46:20 UTC
boURGNYBNic,2020-12-24 07:10:29 UTC
uEMBqkB_yvo,2020-12-24 06:48:16 UTC
58zQ5kiv4_w,2020-12-23 16:54:32 UTC
UvpFq1NqIKw,2020-12-23 15:51:18 UTC
vhH-AqXJDAs,2020-12-23 04:18:36 UTC
k6GQrU4Y-es,2020-12-21 16:04:36 UTC
taqOq1lymQo,2020-12-21 10:34:13 UTC
eFJhc3-_Chw,2020-12-21 08:15:25 UTC
QBIRmUDie4s,2020-12-20 17:11:05 UTC
uqaUSly9qt8,2020-12-20 09:09:20 UTC
NOtlOXVsHGo,2020-12-20 06:55:50 UTC
Ti_oanHoaPQ,2020-12-19 18:09:20 UTC
uobgqu3ktDo,2020-12-19 08:34:52 UTC
AyxXElaXMgo,2020-12-18 17:13:28 UTC
eA0LCkt7z7w,2020-12-18 13:13:11 UTC
pIZdc0xHNGw,2020-12-18 11:33:35 UTC
Q_GcvNRIAfI,2020-12-17 16:11:40 UTC
JWAw2P5Y6XI,2020-12-16 15:42:01 UTC
 -_IUm_ng9GY,2020-12-16 13:13:37 UTC
RqhOEpF4jsM,2020-12-16 06:15:48 UTC
loizGaW1YmQ,2020-12-15 05:18:42 UTC
IFsLhP_hTZU,2020-12-14 16:46:27 UTC
xmpdzl4Q00I,2020-12-13 18:05:09 UTC
9eFavhdeiVw,2020-12-13 09:06:05 UTC
 -sW3dzj7948,2020-12-12 18:56:38 UTC
cFXVFY5sK4A,2020-12-11 10:07:26 UTC
jNQUrtxY0-4,2020-12-11 08:34:10 UTC
HNDUDweXSQM,2020-12-10 14:57:46 UTC
hjXAZrm9j_Y,2020-12-09 07:26:15 UTC
mY9CNztGJNc,2020-12-08 15:18:50 UTC
lnvZzoxXs1E,2020-12-08 13:31:14 UTC
uHAfTty9UWY,2020-12-07 18:53:13 UTC
3h8XvQIP8AY,2020-12-07 14:51:59 UTC
XjtMfVRg7DU,2020-12-07 06:54:15 UTC
2RaJ1T5Mjz8,2020-12-07 06:15:59 UTC
gf88QRrppxk,2020-12-07 05:00:46 UTC
3URFh6Eo0Rk,2020-12-06 18:51:38 UTC
mNmdTbaiUx4,2020-12-06 17:46:54 UTC
fIsei2xCIsM,2020-12-06 04:30:36 UTC
WQEXoWJLLxI,2020-12-05 19:18:59 UTC
UHKkW8hSJRA,2020-12-05 18:51:46 UTC
WWVOuAcf4N4,2020-12-05 13:06:19 UTC
rDXQP_Wcy_E,2020-12-05 02:29:47 UTC
Vf4e6fedLr0,2020-12-04 06:10:12 UTC
o4PMDC1A0_s,2020-12-03 18:28:28 UTC
-6fmQJYXWzU,2020-12-03 14:38:52 UTC
ukDCQuZhbyQ,2020-12-03 12:21:58 UTC
_wPvW01HteU,2020-12-01 17:08:34 UTC
Oue9zt2w4CE,2020-11-30 15:58:59 UTC
P1m7TPMjWxs,2020-11-29 12:29:16 UTC
py4so-fOPgY,2020-11-28 16:39:01 UTC
bgDmhfEPAyM,2020-11-26 18:07:58 UTC
4cpoPSoQVCA,2020-11-26 17:55:25 UTC
a-Ah94vZgbA,2020-11-18 18:30:47 UTC
thSoUbX8GpM,2020-11-15 17:57:19 UTC
Fe6sz8cNa5Q,2020-11-14 07:17:59 UTC
4FaCXCa1ICQ,2020-11-11 08:03:10 UTC
kzVvjKLdAbk,2020-11-11 03:49:05 UTC
gAzKm5NZIh8,2020-11-08 09:04:56 UTC
50D1p39x6EA,2020-11-05 17:39:20 UTC
p2RdMfbUWtg,2020-11-04 15:41:01 UTC
_6ZdYQInHB4,2020-11-04 15:02:19 UTC
6IdlgduCuDc,2020-11-01 17:06:33 UTC
LU7iWshCZbU,2020-10-31 18:15:37 UTC
Qe_O0-L95yg,2020-10-31 07:18:50 UTC
cKqBxajLFRA,2020-10-30 08:51:20 UTC
Fb1mk2KKe3k,2020-10-30 06:56:02 UTC
iLpjNItogwc,2020-10-29 12:13:37 UTC
meGOx1LMzrQ,2020-10-26 19:11:06 UTC
uIXFfmegpb8,2020-10-26 18:49:34 UTC
PeOiir-GhZA,2020-10-26 16:17:30 UTC
x2qXLeR8_LI,2020-10-25 09:39:29 UTC
3VLi976asQA,2020-10-25 06:10:49 UTC
vsW1Jthoji8,2020-10-24 05:57:38 UTC
Cda3wUv78Zg,2020-10-23 17:13:30 UTC
AoH_FjSysNE,2020-10-23 12:15:46 UTC
Uzs10Yo6oPU,2020-10-22 06:21:14 UTC
cbRf6CSWNgc,2020-10-21 08:46:05 UTC
r0ji7CrY15Y,2020-10-19 19:03:40 UTC
OCo85OgEYtQ,2020-10-18 10:30:03 UTC
xOkyeb4qbvw,2020-10-18 07:04:19 UTC
9oXl7vU1Ai8,2020-10-18 06:32:14 UTC
kNjG86ulbhg,2020-10-18 06:18:32 UTC
mgGiqjq9zJM,2020-10-18 06:10:26 UTC
Y5N08SR2e34,2020-10-17 06:56:28 UTC
AfFbcavCt6Y,2020-10-15 11:22:09 UTC
AMDiQmn18FQ,2020-10-14 15:49:39 UTC
YYcyoqSs9CM,2020-10-11 12:47:48 UTC
vGwMvbiKi3s,2020-10-11 09:37:12 UTC
nYqYrORbWOI,2020-10-09 17:15:41 UTC
iqLW0VRJi98,2020-10-04 18:30:02 UTC
7B80WPk2aUA,2020-10-03 16:46:23 UTC
0myM0k1mjZw,2020-10-02 12:39:14 UTC
zIyXtodRMxY,2020-09-27 22:05:08 UTC
v3YzPWYi9KY,2020-09-25 19:36:51 UTC
FYmi8Uwno7Y,2020-09-25 05:35:25 UTC
EFq7fsoXOHU,2020-09-18 07:13:20 UTC
At1-5ITZQKg,2020-09-16 10:26:15 UTC
YgxWlv6UFEk,2020-09-13 16:27:51 UTC
Tp4h3vkT8yo,2020-09-12 16:27:12 UTC
I_--4XtfWuY,2020-09-12 10:22:23 UTC
u5XHnoSmOPM,2020-09-11 19:58:29 UTC
6naGtpB6LlI,2020-09-11 02:47:51 UTC
vGiroGI-g-w,2020-09-10 10:30:38 UTC
gfc-uNlGkWM,2020-09-08 17:39:32 UTC
s55yIb-ZHG8,2020-09-08 16:42:17 UTC
VkfvHG8ULKs,2020-09-07 17:37:54 UTC
wGK4J7YV6bk,2020-09-07 14:05:43 UTC
qU7u9wGB0JA,2020-09-06 05:58:46 UTC
IVBD_V42tXI,2020-08-28 18:34:28 UTC
jVBpn7tFrq8,2020-08-26 16:33:02 UTC
-3CVMxrjbE8,2020-08-14 15:34:37 UTC
51gZIyYKeFA,2020-07-14 17:57:08 UTC
DGK8yTFWrYg,2020-07-10 08:50:18 UTC
JEbk6AjCWQs,2020-07-04 13:29:05 UTC
7nX5aI1YWfU,2020-06-27 14:43:02 UTC
emRP-GBW5Gc,2020-06-26 10:44:19 UTC
2JxezS-hkLc,2020-06-24 10:11:39 UTC
2eZlwoLMGd0,2020-06-18 16:26:11 UTC
yrOm5koeKzc,2020-06-13 14:39:56 UTC
YrACYUp16nQ,2020-06-10 07:56:22 UTC
nlTNrGmCXOU,2020-05-28 08:19:08 UTC
r5jVonpFFGA,2020-05-15 16:35:55 UTC
zwSTaqAjsOw,2020-05-10 17:21:28 UTC
0wGqVb7PxOw,2020-05-10 12:54:44 UTC
fYf_HJiA73I,2020-05-08 11:46:28 UTC
iLfTTV8kXQE,2020-05-07 14:59:41 UTC
t5__Xc7rUdw,2020-04-27 12:48:39 UTC
9wFBbAQixBM,2020-04-16 17:08:35 UTC
2Pa2K-eJlOY,2020-04-07 16:47:34 UTC
arydWPLDnEc,2020-04-05 17:23:20 UTC
UkxauDc1ZcQ,2019-12-25 08:28:00 UTC

