{
    "Data Source": "derived:com.google.calories.bmr:com.google.android.gms:merged",
    "Data Points": [
        {"fitValue":[{"value":{"fpVal":1864.5}}],"originDataSourceId":"derived:com.google.calories.bmr:com.google.android.gms:from_height\u0026weight","endTimeNanos":1597739127818000000,"dataTypeName":"com.google.calories.bmr","startTimeNanos":1597739127818000000,"modifiedTimeMillis":1597739144063,"rawTimestampNanos":0},
        {"fitValue":[{"value":{"fpVal":1864.5}}],"originDataSourceId":"derived:com.google.calories.bmr:com.google.android.gms:from_height\u0026weight","endTimeNanos":1597739131313000000,"dataTypeName":"com.google.calories.bmr","startTimeNanos":1597739131313000000,"modifiedTimeMillis":1597739144063,"rawTimestampNanos":0},
        {"fitValue":[{"value":{"fpVal":1864.5}}],"originDataSourceId":"derived:com.google.calories.bmr:com.google.android.gms:from_height\u0026weight","endTimeNanos":1605511827064000000,"dataTypeName":"com.google.calories.bmr","startTimeNanos":1605511827064000000,"modifiedTimeMillis":1605512090087,"rawTimestampNanos":0},
        {"fitValue":[{"value":{"fpVal":1844.5}}],"originDataSourceId":"derived:com.google.calories.bmr:com.google.android.gms:from_height\u0026weight","endTimeNanos":1605511827070000000,"dataTypeName":"com.google.calories.bmr","startTimeNanos":1605511827070000000,"modifiedTimeMillis":1605512090087,"rawTimestampNanos":0},
        {"fitValue":[{"value":{"fpVal":1799}}],"originDataSourceId":"derived:com.google.calories.bmr:com.google.android.gms:from_height\u0026weight","endTimeNanos":1609999196000000000,"dataTypeName":"com.google.calories.bmr","startTimeNanos":1609999196000000000,"modifiedTimeMillis":1625143809886,"rawTimestampNanos":0},
        {"fitValue":[{"value":{"fpVal":1799}}],"originDataSourceId":"derived:com.google.calories.bmr:com.google.android.gms:from_height\u0026weight","endTimeNanos":1609999356665000000,"dataTypeName":"com.google.calories.bmr","startTimeNanos":1609999356665000000,"modifiedTimeMillis":1625143809886,"rawTimestampNanos":0},
        {"fitValue":[{"value":{"fpVal":1799}}],"originDataSourceId":"derived:com.google.calories.bmr:com.google.android.gms:from_height\u0026weight","endTimeNanos":1609999356674000000,"dataTypeName":"com.google.calories.bmr","startTimeNanos":1609999356674000000,"modifiedTimeMillis":1610001873543,"rawTimestampNanos":0},
        {"fitValue":[{"value":{"fpVal":1799}}],"originDataSourceId":"derived:com.google.calories.bmr:com.google.android.gms:from_height\u0026weight","endTimeNanos":1609999369164000000,"dataTypeName":"com.google.calories.bmr","startTimeNanos":1609999369164000000,"modifiedTimeMillis":1610001873543,"rawTimestampNanos":0},
        {"fitValue":[{"value":{"fpVal":1799}}],"originDataSourceId":"derived:com.google.calories.bmr:com.google.android.gms:from_height\u0026weight","endTimeNanos":1609999369165000000,"dataTypeName":"com.google.calories.bmr","startTimeNanos":1609999369165000000,"modifiedTimeMillis":1610001873543,"rawTimestampNanos":0},
        {"fitValue":[{"value":{"fpVal":1799}}],"originDataSourceId":"derived:com.google.calories.bmr:com.google.android.gms:from_height\u0026weight","endTimeNanos":1609999406966000000,"dataTypeName":"com.google.calories.bmr","startTimeNanos":1609999406966000000,"modifiedTimeMillis":1610001873543,"rawTimestampNanos":0},
        {"fitValue":[{"value":{"fpVal":1794.39990234375}}],"originDataSourceId":"derived:com.google.calories.bmr:com.google.android.gms:from_height\u0026weight","endTimeNanos":1610078232000000000,"dataTypeName":"com.google.calories.bmr","startTimeNanos":1610078232000000000,"modifiedTimeMillis":1625143809886,"rawTimestampNanos":0},
        {"fitValue":[{"value":{"fpVal":1794.39990234375}}],"originDataSourceId":"derived:com.google.calories.bmr:com.google.android.gms:from_height\u0026weight","endTimeNanos":1610078232468000000,"dataTypeName":"com.google.calories.bmr","startTimeNanos":1610078232468000000,"modifiedTimeMillis":1610092011507,"rawTimestampNanos":0},
        {"fitValue":[{"value":{"fpVal":1794.39990234375}}],"originDataSourceId":"derived:com.google.calories.bmr:com.google.android.gms:from_height\u0026weight","endTimeNanos":1610078232494000000,"dataTypeName":"com.google.calories.bmr","startTimeNanos":1610078232494000000,"modifiedTimeMillis":1610092011507,"rawTimestampNanos":0},
        {"fitValue":[{"value":{"fpVal":1799}}],"originDataSourceId":"derived:com.google.calories.bmr:com.google.android.gms:from_height\u0026weight","endTimeNanos":1610078243974000000,"dataTypeName":"com.google.calories.bmr","startTimeNanos":1610078243974000000,"modifiedTimeMillis":1610092011507,"rawTimestampNanos":0},
        {"fitValue":[{"value":{"fpVal":1794.39990234375}}],"originDataSourceId":"derived:com.google.calories.bmr:com.google.android.gms:from_height\u0026weight","endTimeNanos":1610078243975000000,"dataTypeName":"com.google.calories.bmr","startTimeNanos":1610078243975000000,"modifiedTimeMillis":1610092011507,"rawTimestampNanos":0},
        {"fitValue":[{"value":{"fpVal":1803}}],"originDataSourceId":"derived:com.google.calories.bmr:com.google.android.gms:from_height\u0026weight","endTimeNanos":1610160167000000000,"dataTypeName":"com.google.calories.bmr","startTimeNanos":1610160167000000000,"modifiedTimeMillis":1625143809886,"rawTimestampNanos":0},
        {"fitValue":[{"value":{"fpVal":1803}}],"originDataSourceId":"derived:com.google.calories.bmr:com.google.android.gms:from_height\u0026weight","endTimeNanos":1610160167409000000,"dataTypeName":"com.google.calories.bmr","startTimeNanos":1610160167409000000,"modifiedTimeMillis":1610163056644,"rawTimestampNanos":0},
        {"fitValue":[{"value":{"fpVal":1803}}],"originDataSourceId":"derived:com.google.calories.bmr:com.google.android.gms:from_height\u0026weight","endTimeNanos":1610160167437000000,"dataTypeName":"com.google.calories.bmr","startTimeNanos":1610160167437000000,"modifiedTimeMillis":1610163056644,"rawTimestampNanos":0},
        {"fitValue":[{"value":{"fpVal":1799}}],"originDataSourceId":"derived:com.google.calories.bmr:com.google.android.gms:from_height\u0026weight","endTimeNanos":1610160186434000000,"dataTypeName":"com.google.calories.bmr","startTimeNanos":1610160186434000000,"modifiedTimeMillis":1610163056644,"rawTimestampNanos":0},
        {"fitValue":[{"value":{"fpVal":1794.39990234375}}],"originDataSourceId":"derived:com.google.calories.bmr:com.google.android.gms:from_height\u0026weight","endTimeNanos":1610160186435000000,"dataTypeName":"com.google.calories.bmr","startTimeNanos":1610160186435000000,"modifiedTimeMillis":1610163056644,"rawTimestampNanos":0},
        {"fitValue":[{"value":{"fpVal":1803}}],"originDataSourceId":"derived:com.google.calories.bmr:com.google.android.gms:from_height\u0026weight","endTimeNanos":1610160186436000000,"dataTypeName":"com.google.calories.bmr","startTimeNanos":1610160186436000000,"modifiedTimeMillis":1610163056644,"rawTimestampNanos":0},
        {"fitValue":[{"value":{"fpVal":1796.4000244140625}}],"originDataSourceId":"derived:com.google.calories.bmr:com.google.android.gms:from_height\u0026weight","endTimeNanos":1610252189000000000,"dataTypeName":"com.google.calories.bmr","startTimeNanos":1610252189000000000,"modifiedTimeMillis":1625143809886,"rawTimestampNanos":0},
        {"fitValue":[{"value":{"fpVal":1799}}],"originDataSourceId":"derived:com.google.calories.bmr:com.google.android.gms:from_height\u0026weight","endTimeNanos":1610252269338000000,"dataTypeName":"com.google.calories.bmr","startTimeNanos":1610252269338000000,"modifiedTimeMillis":1610255426966,"rawTimestampNanos":0},
        {"fitValue":[{"value":{"fpVal":1799}}],"originDataSourceId":"derived:com.google.calories.bmr:com.google.android.gms:from_height\u0026weight","endTimeNanos":1610252269346000000,"dataTypeName":"com.google.calories.bmr","startTimeNanos":1610252269346000000,"modifiedTimeMillis":1610255426966,"rawTimestampNanos":0},
        {"fitValue":[{"value":{"fpVal":1794.39990234375}}],"originDataSourceId":"derived:com.google.calories.bmr:com.google.android.gms:from_height\u0026weight","endTimeNanos":1610252269347000000,"dataTypeName":"com.google.calories.bmr","startTimeNanos":1610252269347000000,"modifiedTimeMillis":1610255426966,"rawTimestampNanos":0},
        {"fitValue":[{"value":{"fpVal":1803}}],"originDataSourceId":"derived:com.google.calories.bmr:com.google.android.gms:from_height\u0026weight","endTimeNanos":1610252269348000000,"dataTypeName":"com.google.calories.bmr","startTimeNanos":1610252269348000000,"modifiedTimeMillis":1610255426966,"rawTimestampNanos":0},
        {"fitValue":[{"value":{"fpVal":1796.4000244140625}}],"originDataSourceId":"derived:com.google.calories.bmr:com.google.android.gms:from_height\u0026weight","endTimeNanos":1610252269349000000,"dataTypeName":"com.google.calories.bmr","startTimeNanos":1610252269349000000,"modifiedTimeMillis":1610255426966,"rawTimestampNanos":0},
        {"fitValue":[{"value":{"fpVal":1799}}],"originDataSourceId":"derived:com.google.calories.bmr:com.google.android.gms:from_height\u0026weight","endTimeNanos":1610252394709000000,"dataTypeName":"com.google.calories.bmr","startTimeNanos":1610252394709000000,"modifiedTimeMillis":1610255426966,"rawTimestampNanos":0},
        {"fitValue":[{"value":{"fpVal":1794.39990234375}}],"originDataSourceId":"derived:com.google.calories.bmr:com.google.android.gms:from_height\u0026weight","endTimeNanos":1610252394710000000,"dataTypeName":"com.google.calories.bmr","startTimeNanos":1610252394710000000,"modifiedTimeMillis":1610255426966,"rawTimestampNanos":0},
        {"fitValue":[{"value":{"fpVal":1803}}],"originDataSourceId":"derived:com.google.calories.bmr:com.google.android.gms:from_height\u0026weight","endTimeNanos":1610252394711000000,"dataTypeName":"com.google.calories.bmr","startTimeNanos":1610252394711000000,"modifiedTimeMillis":1610255426966,"rawTimestampNanos":0},
        {"fitValue":[{"value":{"fpVal":1796.4000244140625}}],"originDataSourceId":"derived:com.google.calories.bmr:com.google.android.gms:from_height\u0026weight","endTimeNanos":1610252394712000000,"dataTypeName":"com.google.calories.bmr","startTimeNanos":1610252394712000000,"modifiedTimeMillis":1610255426966,"rawTimestampNanos":0},
        {"fitValue":[{"value":{"fpVal":1799}}],"originDataSourceId":"derived:com.google.calories.bmr:com.google.android.gms:from_height\u0026weight","endTimeNanos":1610252497487000000,"dataTypeName":"com.google.calories.bmr","startTimeNanos":1610252497487000000,"modifiedTimeMillis":1610255426966,"rawTimestampNanos":0},
        {"fitValue":[{"value":{"fpVal":1794.39990234375}}],"originDataSourceId":"derived:com.google.calories.bmr:com.google.android.gms:from_height\u0026weight","endTimeNanos":1610252497488000000,"dataTypeName":"com.google.calories.bmr","startTimeNanos":1610252497488000000,"modifiedTimeMillis":1610255426966,"rawTimestampNanos":0},
        {"fitValue":[{"value":{"fpVal":1800}}],"originDataSourceId":"derived:com.google.calories.bmr:com.google.android.gms:from_height\u0026weight","endTimeNanos":1610336858000000000,"dataTypeName":"com.google.calories.bmr","startTimeNanos":1610336858000000000,"modifiedTimeMillis":1625143809886,"rawTimestampNanos":0},
        {"fitValue":[{"value":{"fpVal":1800}}],"originDataSourceId":"derived:com.google.calories.bmr:com.google.android.gms:from_height\u0026weight","endTimeNanos":1610336858395000000,"dataTypeName":"com.google.calories.bmr","startTimeNanos":1610336858395000000,"modifiedTimeMillis":1610338344616,"rawTimestampNanos":0},
        {"fitValue":[{"value":{"fpVal":1800}}],"originDataSourceId":"derived:com.google.calories.bmr:com.google.android.gms:from_height\u0026weight","endTimeNanos":1610336858416000000,"dataTypeName":"com.google.calories.bmr","startTimeNanos":1610336858416000000,"modifiedTimeMillis":1610338344616,"rawTimestampNanos":0},
        {"fitValue":[{"value":{"fpVal":1799}}],"originDataSourceId":"derived:com.google.calories.bmr:com.google.android.gms:from_height\u0026weight","endTimeNanos":1610336880606000000,"dataTypeName":"com.google.calories.bmr","startTimeNanos":1610336880606000000,"modifiedTimeMillis":1610338344616,"rawTimestampNanos":0},
        {"fitValue":[{"value":{"fpVal":1803}}],"originDataSourceId":"derived:com.google.calories.bmr:com.google.android.gms:from_height\u0026weight","endTimeNanos":1610336880607000000,"dataTypeName":"com.google.calories.bmr","startTimeNanos":1610336880607000000,"modifiedTimeMillis":1610338344616,"rawTimestampNanos":0},
        {"fitValue":[{"value":{"fpVal":1796.4000244140625}}],"originDataSourceId":"derived:com.google.calories.bmr:com.google.android.gms:from_height\u0026weight","endTimeNanos":1610336880608000000,"dataTypeName":"com.google.calories.bmr","startTimeNanos":1610336880608000000,"modifiedTimeMillis":1610338344616,"rawTimestampNanos":0},
        {"fitValue":[{"value":{"fpVal":1791}}],"originDataSourceId":"derived:com.google.calories.bmr:com.google.android.gms:from_height\u0026weight","endTimeNanos":1610424408000000000,"dataTypeName":"com.google.calories.bmr","startTimeNanos":1610424408000000000,"modifiedTimeMillis":1625143809886,"rawTimestampNanos":0},
        {"fitValue":[{"value":{"fpVal":1791}}],"originDataSourceId":"derived:com.google.calories.bmr:com.google.android.gms:from_height\u0026weight","endTimeNanos":1610424408526000000,"dataTypeName":"com.google.calories.bmr","startTimeNanos":1610424408526000000,"modifiedTimeMillis":1610425010893,"rawTimestampNanos":0},
        {"fitValue":[{"value":{"fpVal":1791}}],"originDataSourceId":"derived:com.google.calories.bmr:com.google.android.gms:from_height\u0026weight","endTimeNanos":1610424408538000000,"dataTypeName":"com.google.calories.bmr","startTimeNanos":1610424408538000000,"modifiedTimeMillis":1610425010893,"rawTimestampNanos":0},
        {"fitValue":[{"value":{"fpVal":1799}}],"originDataSourceId":"derived:com.google.calories.bmr:com.google.android.gms:from_height\u0026weight","endTimeNanos":1610424415664000000,"dataTypeName":"com.google.calories.bmr","startTimeNanos":1610424415664000000,"modifiedTimeMillis":1610425010893,"rawTimestampNanos":0},
        {"fitValue":[{"value":{"fpVal":1791}}],"originDataSourceId":"derived:com.google.calories.bmr:com.google.android.gms:from_height\u0026weight","endTimeNanos":1610424415665000000,"dataTypeName":"com.google.calories.bmr","startTimeNanos":1610424415665000000,"modifiedTimeMillis":1610425010893,"rawTimestampNanos":0},
        {"fitValue":[{"value":{"fpVal":1789}}],"originDataSourceId":"derived:com.google.calories.bmr:com.google.android.gms:from_height\u0026weight","endTimeNanos":1610512309000000000,"dataTypeName":"com.google.calories.bmr","startTimeNanos":1610512309000000000,"modifiedTimeMillis":1625143809886,"rawTimestampNanos":0},
        {"fitValue":[{"value":{"fpVal":1789}}],"originDataSourceId":"derived:com.google.calories.bmr:com.google.android.gms:from_height\u0026weight","endTimeNanos":1610512309746000000,"dataTypeName":"com.google.calories.bmr","startTimeNanos":1610512309746000000,"modifiedTimeMillis":1610513160653,"rawTimestampNanos":0},
        {"fitValue":[{"value":{"fpVal":1789}}],"originDataSourceId":"derived:com.google.calories.bmr:com.google.android.gms:from_height\u0026weight","endTimeNanos":1610512309755000000,"dataTypeName":"com.google.calories.bmr","startTimeNanos":1610512309755000000,"modifiedTimeMillis":1610513160653,"rawTimestampNanos":0},
        {"fitValue":[{"value":{"fpVal":1794.39990234375}}],"originDataSourceId":"derived:com.google.calories.bmr:com.google.android.gms:from_height\u0026weight","endTimeNanos":1610512336385000000,"dataTypeName":"com.google.calories.bmr","startTimeNanos":1610512336385000000,"modifiedTimeMillis":1610513160653,"rawTimestampNanos":0},
        {"fitValue":[{"value":{"fpVal":1792.4000244140625}}],"originDataSourceId":"derived:com.google.calories.bmr:com.google.android.gms:from_height\u0026weight","endTimeNanos":1610597819000000000,"dataTypeName":"com.google.calories.bmr","startTimeNanos":1610597819000000000,"modifiedTimeMillis":1625143809886,"rawTimestampNanos":0},
        {"fitValue":[{"value":{"fpVal":1792.4000244140625}}],"originDataSourceId":"derived:com.google.calories.bmr:com.google.android.gms:from_height\u0026weight","endTimeNanos":1610597819330000000,"dataTypeName":"com.google.calories.bmr","startTimeNanos":1610597819330000000,"modifiedTimeMillis":1610602082383,"rawTimestampNanos":0},
        {"fitValue":[{"value":{"fpVal":1792.4000244140625}}],"originDataSourceId":"derived:com.google.calories.bmr:com.google.android.gms:from_height\u0026weight","endTimeNanos":1610597819337000000,"dataTypeName":"com.google.calories.bmr","startTimeNanos":1610597819337000000,"modifiedTimeMillis":1610602082383,"rawTimestampNanos":0},
        {"fitValue":[{"value":{"fpVal":1800}}],"originDataSourceId":"derived:com.google.calories.bmr:com.google.android.gms:from_height\u0026weight","endTimeNanos":1610597861855000000,"dataTypeName":"com.google.calories.bmr","startTimeNanos":1610597861855000000,"modifiedTimeMillis":1610602082383,"rawTimestampNanos":0},
        {"fitValue":[{"value":{"fpVal":1791}}],"originDataSourceId":"derived:com.google.calories.bmr:com.google.android.gms:from_height\u0026weight","endTimeNanos":1610597861856000000,"dataTypeName":"com.google.calories.bmr","startTimeNanos":1610597861856000000,"modifiedTimeMillis":1610602082383,"rawTimestampNanos":0},
        {"fitValue":[{"value":{"fpVal":1789}}],"originDataSourceId":"derived:com.google.calories.bmr:com.google.android.gms:from_height\u0026weight","endTimeNanos":1610597886891000000,"dataTypeName":"com.google.calories.bmr","startTimeNanos":1610597886891000000,"modifiedTimeMillis":1610602082383,"rawTimestampNanos":0},
        {"fitValue":[{"value":{"fpVal":1796.4000244140625}}],"originDataSourceId":"derived:com.google.calories.bmr:com.google.android.gms:from_height\u0026weight","endTimeNanos":1610941149000000000,"dataTypeName":"com.google.calories.bmr","startTimeNanos":1610941149000000000,"modifiedTimeMillis":1625143809886,"rawTimestampNanos":0},
        {"fitValue":[{"value":{"fpVal":1796.4000244140625}}],"originDataSourceId":"derived:com.google.calories.bmr:com.google.android.gms:from_height\u0026weight","endTimeNanos":1610941149718000000,"dataTypeName":"com.google.calories.bmr","startTimeNanos":1610941149718000000,"modifiedTimeMillis":1610951630204,"rawTimestampNanos":0},
        {"fitValue":[{"value":{"fpVal":1796.4000244140625}}],"originDataSourceId":"derived:com.google.calories.bmr:com.google.android.gms:from_height\u0026weight","endTimeNanos":1610941149731000000,"dataTypeName":"com.google.calories.bmr","startTimeNanos":1610941149731000000,"modifiedTimeMillis":1610951630204,"rawTimestampNanos":0},
        {"fitValue":[{"value":{"fpVal":1792.4000244140625}}],"originDataSourceId":"derived:com.google.calories.bmr:com.google.android.gms:from_height\u0026weight","endTimeNanos":1610941160353000000,"dataTypeName":"com.google.calories.bmr","startTimeNanos":1610941160353000000,"modifiedTimeMillis":1610951630204,"rawTimestampNanos":0},
        {"fitValue":[{"value":{"fpVal":1791}}],"originDataSourceId":"derived:com.google.calories.bmr:com.google.android.gms:from_height\u0026weight","endTimeNanos":1611025505000000000,"dataTypeName":"com.google.calories.bmr","startTimeNanos":1611025505000000000,"modifiedTimeMillis":1625143809886,"rawTimestampNanos":0},
        {"fitValue":[{"value":{"fpVal":1791}}],"originDataSourceId":"derived:com.google.calories.bmr:com.google.android.gms:from_height\u0026weight","endTimeNanos":1611025505752000000,"dataTypeName":"com.google.calories.bmr","startTimeNanos":1611025505752000000,"modifiedTimeMillis":1611037236118,"rawTimestampNanos":0},
        {"fitValue":[{"value":{"fpVal":1791}}],"originDataSourceId":"derived:com.google.calories.bmr:com.google.android.gms:from_height\u0026weight","endTimeNanos":1611025505764000000,"dataTypeName":"com.google.calories.bmr","startTimeNanos":1611025505764000000,"modifiedTimeMillis":1611037236118,"rawTimestampNanos":0},
        {"fitValue":[{"value":{"fpVal":1799}}],"originDataSourceId":"derived:com.google.calories.bmr:com.google.android.gms:from_height\u0026weight","endTimeNanos":1611025509431000000,"dataTypeName":"com.google.calories.bmr","startTimeNanos":1611025509431000000,"modifiedTimeMillis":1611037236118,"rawTimestampNanos":0},
        {"fitValue":[{"value":{"fpVal":1800}}],"originDataSourceId":"derived:com.google.calories.bmr:com.google.android.gms:from_height\u0026weight","endTimeNanos":1611025509432000000,"dataTypeName":"com.google.calories.bmr","startTimeNanos":1611025509432000000,"modifiedTimeMillis":1611037236118,"rawTimestampNanos":0},
        {"fitValue":[{"value":{"fpVal":1784.39990234375}}],"originDataSourceId":"derived:com.google.calories.bmr:com.google.android.gms:from_height\u0026weight","endTimeNanos":1611110066000000000,"dataTypeName":"com.google.calories.bmr","startTimeNanos":1611110066000000000,"modifiedTimeMillis":1625143809886,"rawTimestampNanos":0},
        {"fitValue":[{"value":{"fpVal":1784.39990234375}}],"originDataSourceId":"derived:com.google.calories.bmr:com.google.android.gms:from_height\u0026weight","endTimeNanos":1611110066478000000,"dataTypeName":"com.google.calories.bmr","startTimeNanos":1611110066478000000,"modifiedTimeMillis":1611113465602,"rawTimestampNanos":0},
        {"fitValue":[{"value":{"fpVal":1784.39990234375}}],"originDataSourceId":"derived:com.google.calories.bmr:com.google.android.gms:from_height\u0026weight","endTimeNanos":1611110066489000000,"dataTypeName":"com.google.calories.bmr","startTimeNanos":1611110066489000000,"modifiedTimeMillis":1611113465602,"rawTimestampNanos":0},
        {"fitValue":[{"value":{"fpVal":1799}}],"originDataSourceId":"derived:com.google.calories.bmr:com.google.android.gms:from_height\u0026weight","endTimeNanos":1611110078985000000,"dataTypeName":"com.google.calories.bmr","startTimeNanos":1611110078985000000,"modifiedTimeMillis":1611113465602,"rawTimestampNanos":0},
        {"fitValue":[{"value":{"fpVal":1791}}],"originDataSourceId":"derived:com.google.calories.bmr:com.google.android.gms:from_height\u0026weight","endTimeNanos":1611110078986000000,"dataTypeName":"com.google.calories.bmr","startTimeNanos":1611110078986000000,"modifiedTimeMillis":1611113465602,"rawTimestampNanos":0},
        {"fitValue":[{"value":{"fpVal":1799}}],"originDataSourceId":"derived:com.google.calories.bmr:com.google.android.gms:from_height\u0026weight","endTimeNanos":1611110186961000000,"dataTypeName":"com.google.calories.bmr","startTimeNanos":1611110186961000000,"modifiedTimeMillis":1611113465602,"rawTimestampNanos":0},
        {"fitValue":[{"value":{"fpVal":1796.4000244140625}}],"originDataSourceId":"derived:com.google.calories.bmr:com.google.android.gms:from_height\u0026weight","endTimeNanos":1611110186962000000,"dataTypeName":"com.google.calories.bmr","startTimeNanos":1611110186962000000,"modifiedTimeMillis":1611113465602,"rawTimestampNanos":0},
        {"fitValue":[{"value":{"fpVal":1791}}],"originDataSourceId":"derived:com.google.calories.bmr:com.google.android.gms:from_height\u0026weight","endTimeNanos":1611110244071000000,"dataTypeName":"com.google.calories.bmr","startTimeNanos":1611110244071000000,"modifiedTimeMillis":1611113465602,"rawTimestampNanos":0},
        {"fitValue":[{"value":{"fpVal":1787}}],"originDataSourceId":"derived:com.google.calories.bmr:com.google.android.gms:from_height\u0026weight","endTimeNanos":1611200661000000000,"dataTypeName":"com.google.calories.bmr","startTimeNanos":1611200661000000000,"modifiedTimeMillis":1625143809886,"rawTimestampNanos":0},
        {"fitValue":[{"value":{"fpVal":1787}}],"originDataSourceId":"derived:com.google.calories.bmr:com.google.android.gms:from_height\u0026weight","endTimeNanos":1611200661752000000,"dataTypeName":"com.google.calories.bmr","startTimeNanos":1611200661752000000,"modifiedTimeMillis":1611201120506,"rawTimestampNanos":0},
        {"fitValue":[{"value":{"fpVal":1787}}],"originDataSourceId":"derived:com.google.calories.bmr:com.google.android.gms:from_height\u0026weight","endTimeNanos":1611200661761000000,"dataTypeName":"com.google.calories.bmr","startTimeNanos":1611200661761000000,"modifiedTimeMillis":1611201120506,"rawTimestampNanos":0},
        {"fitValue":[{"value":{"fpVal":1794.39990234375}}],"originDataSourceId":"derived:com.google.calories.bmr:com.google.android.gms:from_height\u0026weight","endTimeNanos":1611200710612000000,"dataTypeName":"com.google.calories.bmr","startTimeNanos":1611200710612000000,"modifiedTimeMillis":1611201120506,"rawTimestampNanos":0},
        {"fitValue":[{"value":{"fpVal":1787}}],"originDataSourceId":"derived:com.google.calories.bmr:com.google.android.gms:from_height\u0026weight","endTimeNanos":1611200710613000000,"dataTypeName":"com.google.calories.bmr","startTimeNanos":1611200710613000000,"modifiedTimeMillis":1611201120506,"rawTimestampNanos":0},
        {"fitValue":[{"value":{"fpVal":1788}}],"originDataSourceId":"derived:com.google.calories.bmr:com.google.android.gms:from_height\u0026weight","endTimeNanos":1611287311000000000,"dataTypeName":"com.google.calories.bmr","startTimeNanos":1611287311000000000,"modifiedTimeMillis":1625143809886,"rawTimestampNanos":0},
        {"fitValue":[{"value":{"fpVal":1788}}],"originDataSourceId":"derived:com.google.calories.bmr:com.google.android.gms:from_height\u0026weight","endTimeNanos":1611287311448000000,"dataTypeName":"com.google.calories.bmr","startTimeNanos":1611287311448000000,"modifiedTimeMillis":1611287332216,"rawTimestampNanos":0},
        {"fitValue":[{"value":{"fpVal":1788}}],"originDataSourceId":"derived:com.google.calories.bmr:com.google.android.gms:from_height\u0026weight","endTimeNanos":1611287311461000000,"dataTypeName":"com.google.calories.bmr","startTimeNanos":1611287311461000000,"modifiedTimeMillis":1611287332216,"rawTimestampNanos":0},
        {"fitValue":[{"value":{"fpVal":1803}}],"originDataSourceId":"derived:com.google.calories.bmr:com.google.android.gms:from_height\u0026weight","endTimeNanos":1611287314491000000,"dataTypeName":"com.google.calories.bmr","startTimeNanos":1611287314491000000,"modifiedTimeMillis":1611287332216,"rawTimestampNanos":0},
        {"fitValue":[{"value":{"fpVal":1792.4000244140625}}],"originDataSourceId":"derived:com.google.calories.bmr:com.google.android.gms:from_height\u0026weight","endTimeNanos":1611287314492000000,"dataTypeName":"com.google.calories.bmr","startTimeNanos":1611287314492000000,"modifiedTimeMillis":1611287332216,"rawTimestampNanos":0},
        {"fitValue":[{"value":{"fpVal":1786.4000244140625}}],"originDataSourceId":"derived:com.google.calories.bmr:com.google.android.gms:from_height\u0026weight","endTimeNanos":1611374679000000000,"dataTypeName":"com.google.calories.bmr","startTimeNanos":1611374679000000000,"modifiedTimeMillis":1625143809886,"rawTimestampNanos":0},
        {"fitValue":[{"value":{"fpVal":1786.4000244140625}}],"originDataSourceId":"derived:com.google.calories.bmr:com.google.android.gms:from_height\u0026weight","endTimeNanos":1611374679422000000,"dataTypeName":"com.google.calories.bmr","startTimeNanos":1611374679422000000,"modifiedTimeMillis":1611388914789,"rawTimestampNanos":0},
        {"fitValue":[{"value":{"fpVal":1786.4000244140625}}],"originDataSourceId":"derived:com.google.calories.bmr:com.google.android.gms:from_height\u0026weight","endTimeNanos":1611374679437000000,"dataTypeName":"com.google.calories.bmr","startTimeNanos":1611374679437000000,"modifiedTimeMillis":1611388914789,"rawTimestampNanos":0},
        {"fitValue":[{"value":{"fpVal":1788.4000244140625}}],"originDataSourceId":"derived:com.google.calories.bmr:com.google.android.gms:from_height\u0026weight","endTimeNanos":1611807320000000000,"dataTypeName":"com.google.calories.bmr","startTimeNanos":1611807320000000000,"modifiedTimeMillis":1625143809883,"rawTimestampNanos":0},
        {"fitValue":[{"value":{"fpVal":1788.4000244140625}}],"originDataSourceId":"derived:com.google.calories.bmr:com.google.android.gms:from_height\u0026weight","endTimeNanos":1611807320047000000,"dataTypeName":"com.google.calories.bmr","startTimeNanos":1611807320047000000,"modifiedTimeMillis":1611818791510,"rawTimestampNanos":0},
        {"fitValue":[{"value":{"fpVal":1788.4000244140625}}],"originDataSourceId":"derived:com.google.calories.bmr:com.google.android.gms:from_height\u0026weight","endTimeNanos":1611807320056000000,"dataTypeName":"com.google.calories.bmr","startTimeNanos":1611807320056000000,"modifiedTimeMillis":1611818791510,"rawTimestampNanos":0},
        {"fitValue":[{"value":{"fpVal":1796.4000244140625}}],"originDataSourceId":"derived:com.google.calories.bmr:com.google.android.gms:from_height\u0026weight","endTimeNanos":1611807327810000000,"dataTypeName":"com.google.calories.bmr","startTimeNanos":1611807327810000000,"modifiedTimeMillis":1611818791510,"rawTimestampNanos":0},
        {"fitValue":[{"value":{"fpVal":1786.4000244140625}}],"originDataSourceId":"derived:com.google.calories.bmr:com.google.android.gms:from_height\u0026weight","endTimeNanos":1611807327811000000,"dataTypeName":"com.google.calories.bmr","startTimeNanos":1611807327811000000,"modifiedTimeMillis":1611818791510,"rawTimestampNanos":0},
        {"fitValue":[{"value":{"fpVal":1803}}],"originDataSourceId":"derived:com.google.calories.bmr:com.google.android.gms:from_height\u0026weight","endTimeNanos":1611807337837000000,"dataTypeName":"com.google.calories.bmr","startTimeNanos":1611807337837000000,"modifiedTimeMillis":1611818791510,"rawTimestampNanos":0},
        {"fitValue":[{"value":{"fpVal":1786.4000244140625}}],"originDataSourceId":"derived:com.google.calories.bmr:com.google.android.gms:from_height\u0026weight","endTimeNanos":1611807337838000000,"dataTypeName":"com.google.calories.bmr","startTimeNanos":1611807337838000000,"modifiedTimeMillis":1611818791510,"rawTimestampNanos":0},
        {"fitValue":[{"value":{"fpVal":1792.4000244140625}}],"originDataSourceId":"derived:com.google.calories.bmr:com.google.android.gms:from_height\u0026weight","endTimeNanos":1611809495655000000,"dataTypeName":"com.google.calories.bmr","startTimeNanos":1611809495655000000,"modifiedTimeMillis":1611818791510,"rawTimestampNanos":0},
        {"fitValue":[{"value":{"fpVal":1788}}],"originDataSourceId":"derived:com.google.calories.bmr:com.google.android.gms:from_height\u0026weight","endTimeNanos":1611809495656000000,"dataTypeName":"com.google.calories.bmr","startTimeNanos":1611809495656000000,"modifiedTimeMillis":1611818791510,"rawTimestampNanos":0},
        {"fitValue":[{"value":{"fpVal":1787.4000244140625}}],"originDataSourceId":"derived:com.google.calories.bmr:com.google.android.gms:from_height\u0026weight","endTimeNanos":1611892372000000000,"dataTypeName":"com.google.calories.bmr","startTimeNanos":1611892372000000000,"modifiedTimeMillis":1625143809883,"rawTimestampNanos":0},
        {"fitValue":[{"value":{"fpVal":1787.4000244140625}}],"originDataSourceId":"derived:com.google.calories.bmr:com.google.android.gms:from_height\u0026weight","endTimeNanos":1611892372836000000,"dataTypeName":"com.google.calories.bmr","startTimeNanos":1611892372836000000,"modifiedTimeMillis":1611909094027,"rawTimestampNanos":0},
        {"fitValue":[{"value":{"fpVal":1787.4000244140625}}],"originDataSourceId":"derived:com.google.calories.bmr:com.google.android.gms:from_height\u0026weight","endTimeNanos":1611892372850000000,"dataTypeName":"com.google.calories.bmr","startTimeNanos":1611892372850000000,"modifiedTimeMillis":1611909094027,"rawTimestampNanos":0},
        {"fitValue":[{"value":{"fpVal":1791}}],"originDataSourceId":"derived:com.google.calories.bmr:com.google.android.gms:from_height\u0026weight","endTimeNanos":1611892384999000000,"dataTypeName":"com.google.calories.bmr","startTimeNanos":1611892384999000000,"modifiedTimeMillis":1611909094027,"rawTimestampNanos":0},
        {"fitValue":[{"value":{"fpVal":1787.4000244140625}}],"originDataSourceId":"derived:com.google.calories.bmr:com.google.android.gms:from_height\u0026weight","endTimeNanos":1611892385000000000,"dataTypeName":"com.google.calories.bmr","startTimeNanos":1611892385000000000,"modifiedTimeMillis":1611909094027,"rawTimestampNanos":0},
        {"fitValue":[{"value":{"fpVal":1784}}],"originDataSourceId":"derived:com.google.calories.bmr:com.google.android.gms:from_height\u0026weight","endTimeNanos":1612065000000000000,"dataTypeName":"com.google.calories.bmr","startTimeNanos":1612065000000000000,"modifiedTimeMillis":1625143809883,"rawTimestampNanos":0},
        {"fitValue":[{"value":{"fpVal":1784}}],"originDataSourceId":"derived:com.google.calories.bmr:com.google.android.gms:from_height\u0026weight","endTimeNanos":1612065000548000000,"dataTypeName":"com.google.calories.bmr","startTimeNanos":1612065000548000000,"modifiedTimeMillis":1612067504286,"rawTimestampNanos":0},
        {"fitValue":[{"value":{"fpVal":1784}}],"originDataSourceId":"derived:com.google.calories.bmr:com.google.android.gms:from_height\u0026weight","endTimeNanos":1612065000558000000,"dataTypeName":"com.google.calories.bmr","startTimeNanos":1612065000558000000,"modifiedTimeMillis":1612067504286,"rawTimestampNanos":0},
        {"fitValue":[{"value":{"fpVal":1803}}],"originDataSourceId":"derived:com.google.calories.bmr:com.google.android.gms:from_height\u0026weight","endTimeNanos":1612065037111000000,"dataTypeName":"com.google.calories.bmr","startTimeNanos":1612065037111000000,"modifiedTimeMillis":1612067504286,"rawTimestampNanos":0},
        {"fitValue":[{"value":{"fpVal":1800}}],"originDataSourceId":"derived:com.google.calories.bmr:com.google.android.gms:from_height\u0026weight","endTimeNanos":1612065037112000000,"dataTypeName":"com.google.calories.bmr","startTimeNanos":1612065037112000000,"modifiedTimeMillis":1612067504286,"rawTimestampNanos":0},
        {"fitValue":[{"value":{"fpVal":1784.39990234375}}],"originDataSourceId":"derived:com.google.calories.bmr:com.google.android.gms:from_height\u0026weight","endTimeNanos":1612068080000000000,"dataTypeName":"com.google.calories.bmr","startTimeNanos":1612068080000000000,"modifiedTimeMillis":1625143809883,"rawTimestampNanos":0},
        {"fitValue":[{"value":{"fpVal":1784.39990234375}}],"originDataSourceId":"derived:com.google.calories.bmr:com.google.android.gms:from_height\u0026weight","endTimeNanos":1612068080405000000,"dataTypeName":"com.google.calories.bmr","startTimeNanos":1612068080405000000,"modifiedTimeMillis":1612092764408,"rawTimestampNanos":0},
        {"fitValue":[{"value":{"fpVal":1784.39990234375}}],"originDataSourceId":"derived:com.google.calories.bmr:com.google.android.gms:from_height\u0026weight","endTimeNanos":1612068080419000000,"dataTypeName":"com.google.calories.bmr","startTimeNanos":1612068080419000000,"modifiedTimeMillis":1612092764408,"rawTimestampNanos":0},
        {"fitValue":[{"value":{"fpVal":1781}}],"originDataSourceId":"derived:com.google.calories.bmr:com.google.android.gms:from_height\u0026weight","endTimeNanos":1613097342000000000,"dataTypeName":"com.google.calories.bmr","startTimeNanos":1613097342000000000,"modifiedTimeMillis":1625143809884,"rawTimestampNanos":0},
        {"fitValue":[{"value":{"fpVal":1781}}],"originDataSourceId":"derived:com.google.calories.bmr:com.google.android.gms:from_height\u0026weight","endTimeNanos":1613097342569000000,"dataTypeName":"com.google.calories.bmr","startTimeNanos":1613097342569000000,"modifiedTimeMillis":1613098835049,"rawTimestampNanos":0},
        {"fitValue":[{"value":{"fpVal":1781}}],"originDataSourceId":"derived:com.google.calories.bmr:com.google.android.gms:from_height\u0026weight","endTimeNanos":1613097342582000000,"dataTypeName":"com.google.calories.bmr","startTimeNanos":1613097342582000000,"modifiedTimeMillis":1613098835049,"rawTimestampNanos":0},
        {"fitValue":[{"value":{"fpVal":1794.39990234375}}],"originDataSourceId":"derived:com.google.calories.bmr:com.google.android.gms:from_height\u0026weight","endTimeNanos":1613097346118000000,"dataTypeName":"com.google.calories.bmr","startTimeNanos":1613097346118000000,"modifiedTimeMillis":1613098835049,"rawTimestampNanos":0},
        {"fitValue":[{"value":{"fpVal":1786.4000244140625}}],"originDataSourceId":"derived:com.google.calories.bmr:com.google.android.gms:from_height\u0026weight","endTimeNanos":1613097346119000000,"dataTypeName":"com.google.calories.bmr","startTimeNanos":1613097346119000000,"modifiedTimeMillis":1613098835049,"rawTimestampNanos":0},
        {"fitValue":[{"value":{"fpVal":1797.4000244140625}}],"originDataSourceId":"derived:com.google.calories.bmr:com.google.android.gms:from_height\u0026weight","endTimeNanos":1625143262000000000,"dataTypeName":"com.google.calories.bmr","startTimeNanos":1625143262000000000,"modifiedTimeMillis":1625143809897,"rawTimestampNanos":0},
        {"fitValue":[{"value":{"fpVal":1792.4000244140625}}],"originDataSourceId":"derived:com.google.calories.bmr:com.google.android.gms:from_height\u0026weight","endTimeNanos":1625199501000000000,"dataTypeName":"com.google.calories.bmr","startTimeNanos":1625199501000000000,"modifiedTimeMillis":1625199536132,"rawTimestampNanos":0},
        {"fitValue":[{"value":{"fpVal":1793}}],"originDataSourceId":"derived:com.google.calories.bmr:com.google.android.gms:from_height\u0026weight","endTimeNanos":1625286059000000000,"dataTypeName":"com.google.calories.bmr","startTimeNanos":1625286059000000000,"modifiedTimeMillis":1625286094496,"rawTimestampNanos":0}
    ]
}