{
    "Data Source": "derived:com.google.height:com.google.android.gms:merge_height",
    "Data Points": [
        {"fitValue":[{"value":{"fpVal":1.7000000476837158}}],"originDataSourceId":"raw:com.google.height:com.google.android.apps.fitness:user_input","endTimeNanos":1597739131313000000,"dataTypeName":"com.google.height","startTimeNanos":1597739131313000000,"modifiedTimeMillis":1597739141762,"rawTimestampNanos":0},
        {"fitValue":[{"value":{"fpVal":1.7000000476837158}}],"originDataSourceId":"raw:com.google.height:com.healthifyme.basic:","endTimeNanos":1605511827064000000,"dataTypeName":"com.google.height","startTimeNanos":1605511827064000000,"modifiedTimeMillis":1605512087918,"rawTimestampNanos":0},
        {"fitValue":[{"value":{"fpVal":1.6799999475479126}}],"originDataSourceId":"raw:com.google.height:com.nurecausa.drtrustscaleconnect:","endTimeNanos":1609999196000000000,"dataTypeName":"com.google.height","startTimeNanos":1609999196000000000,"modifiedTimeMillis":1625143809883,"rawTimestampNanos":0},
        {"fitValue":[{"value":{"fpVal":1.6799999475479126}}],"originDataSourceId":"raw:com.google.height:com.nurecausa.drtrustscaleconnect:","endTimeNanos":1609999356674000000,"dataTypeName":"com.google.height","startTimeNanos":1609999356674000000,"modifiedTimeMillis":1610001871178,"rawTimestampNanos":0},
        {"fitValue":[{"value":{"fpVal":1.6799999475479126}}],"originDataSourceId":"raw:com.google.height:com.nurecausa.drtrustscaleconnect:","endTimeNanos":1609999369165000000,"dataTypeName":"com.google.height","startTimeNanos":1609999369165000000,"modifiedTimeMillis":1610001871178,"rawTimestampNanos":0},
        {"fitValue":[{"value":{"fpVal":1.6799999475479126}}],"originDataSourceId":"raw:com.google.height:com.nurecausa.drtrustscaleconnect:","endTimeNanos":1609999406966000000,"dataTypeName":"com.google.height","startTimeNanos":1609999406966000000,"modifiedTimeMillis":1610001871178,"rawTimestampNanos":0},
        {"fitValue":[{"value":{"fpVal":1.6799999475479126}}],"originDataSourceId":"raw:com.google.height:com.nurecausa.drtrustscaleconnect:","endTimeNanos":1610078232000000000,"dataTypeName":"com.google.height","startTimeNanos":1610078232000000000,"modifiedTimeMillis":1625143809883,"rawTimestampNanos":0},
        {"fitValue":[{"value":{"fpVal":1.6799999475479126}}],"originDataSourceId":"raw:com.google.height:com.nurecausa.drtrustscaleconnect:","endTimeNanos":1610078232494000000,"dataTypeName":"com.google.height","startTimeNanos":1610078232494000000,"modifiedTimeMillis":1610092009033,"rawTimestampNanos":0},
        {"fitValue":[{"value":{"fpVal":1.6799999475479126}}],"originDataSourceId":"raw:com.google.height:com.nurecausa.drtrustscaleconnect:","endTimeNanos":1610078243975000000,"dataTypeName":"com.google.height","startTimeNanos":1610078243975000000,"modifiedTimeMillis":1610092009033,"rawTimestampNanos":0},
        {"fitValue":[{"value":{"fpVal":1.6799999475479126}}],"originDataSourceId":"raw:com.google.height:com.nurecausa.drtrustscaleconnect:","endTimeNanos":1610160167000000000,"dataTypeName":"com.google.height","startTimeNanos":1610160167000000000,"modifiedTimeMillis":1625143809883,"rawTimestampNanos":0},
        {"fitValue":[{"value":{"fpVal":1.6799999475479126}}],"originDataSourceId":"raw:com.google.height:com.nurecausa.drtrustscaleconnect:","endTimeNanos":1610160167437000000,"dataTypeName":"com.google.height","startTimeNanos":1610160167437000000,"modifiedTimeMillis":1610163054181,"rawTimestampNanos":0},
        {"fitValue":[{"value":{"fpVal":1.6799999475479126}}],"originDataSourceId":"raw:com.google.height:com.nurecausa.drtrustscaleconnect:","endTimeNanos":1610160186435000000,"dataTypeName":"com.google.height","startTimeNanos":1610160186435000000,"modifiedTimeMillis":1610163054181,"rawTimestampNanos":0},
        {"fitValue":[{"value":{"fpVal":1.6799999475479126}}],"originDataSourceId":"raw:com.google.height:com.nurecausa.drtrustscaleconnect:","endTimeNanos":1610160186436000000,"dataTypeName":"com.google.height","startTimeNanos":1610160186436000000,"modifiedTimeMillis":1610163054181,"rawTimestampNanos":0},
        {"fitValue":[{"value":{"fpVal":1.6799999475479126}}],"originDataSourceId":"raw:com.google.height:com.nurecausa.drtrustscaleconnect:","endTimeNanos":1610252189000000000,"dataTypeName":"com.google.height","startTimeNanos":1610252189000000000,"modifiedTimeMillis":1625143809883,"rawTimestampNanos":0},
        {"fitValue":[{"value":{"fpVal":1.6799999475479126}}],"originDataSourceId":"raw:com.google.height:com.nurecausa.drtrustscaleconnect:","endTimeNanos":1610252269346000000,"dataTypeName":"com.google.height","startTimeNanos":1610252269346000000,"modifiedTimeMillis":1610255424665,"rawTimestampNanos":0},
        {"fitValue":[{"value":{"fpVal":1.6799999475479126}}],"originDataSourceId":"raw:com.google.height:com.nurecausa.drtrustscaleconnect:","endTimeNanos":1610252269347000000,"dataTypeName":"com.google.height","startTimeNanos":1610252269347000000,"modifiedTimeMillis":1610255424665,"rawTimestampNanos":0},
        {"fitValue":[{"value":{"fpVal":1.6799999475479126}}],"originDataSourceId":"raw:com.google.height:com.nurecausa.drtrustscaleconnect:","endTimeNanos":1610252269349000000,"dataTypeName":"com.google.height","startTimeNanos":1610252269349000000,"modifiedTimeMillis":1610255424665,"rawTimestampNanos":0},
        {"fitValue":[{"value":{"fpVal":1.6799999475479126}}],"originDataSourceId":"raw:com.google.height:com.nurecausa.drtrustscaleconnect:","endTimeNanos":1610252394710000000,"dataTypeName":"com.google.height","startTimeNanos":1610252394710000000,"modifiedTimeMillis":1610255424665,"rawTimestampNanos":0},
        {"fitValue":[{"value":{"fpVal":1.6799999475479126}}],"originDataSourceId":"raw:com.google.height:com.nurecausa.drtrustscaleconnect:","endTimeNanos":1610252394711000000,"dataTypeName":"com.google.height","startTimeNanos":1610252394711000000,"modifiedTimeMillis":1610255424665,"rawTimestampNanos":0},
        {"fitValue":[{"value":{"fpVal":1.6799999475479126}}],"originDataSourceId":"raw:com.google.height:com.nurecausa.drtrustscaleconnect:","endTimeNanos":1610252394712000000,"dataTypeName":"com.google.height","startTimeNanos":1610252394712000000,"modifiedTimeMillis":1610255424665,"rawTimestampNanos":0},
        {"fitValue":[{"value":{"fpVal":1.6799999475479126}}],"originDataSourceId":"raw:com.google.height:com.nurecausa.drtrustscaleconnect:","endTimeNanos":1610252497488000000,"dataTypeName":"com.google.height","startTimeNanos":1610252497488000000,"modifiedTimeMillis":1610255424665,"rawTimestampNanos":0},
        {"fitValue":[{"value":{"fpVal":1.6799999475479126}}],"originDataSourceId":"raw:com.google.height:com.nurecausa.drtrustscaleconnect:","endTimeNanos":1610336858000000000,"dataTypeName":"com.google.height","startTimeNanos":1610336858000000000,"modifiedTimeMillis":1625143809883,"rawTimestampNanos":0},
        {"fitValue":[{"value":{"fpVal":1.6799999475479126}}],"originDataSourceId":"raw:com.google.height:com.nurecausa.drtrustscaleconnect:","endTimeNanos":1610336858416000000,"dataTypeName":"com.google.height","startTimeNanos":1610336858416000000,"modifiedTimeMillis":1610338342153,"rawTimestampNanos":0},
        {"fitValue":[{"value":{"fpVal":1.6799999475479126}}],"originDataSourceId":"raw:com.google.height:com.nurecausa.drtrustscaleconnect:","endTimeNanos":1610336880607000000,"dataTypeName":"com.google.height","startTimeNanos":1610336880607000000,"modifiedTimeMillis":1610338342153,"rawTimestampNanos":0},
        {"fitValue":[{"value":{"fpVal":1.6799999475479126}}],"originDataSourceId":"raw:com.google.height:com.nurecausa.drtrustscaleconnect:","endTimeNanos":1610336880608000000,"dataTypeName":"com.google.height","startTimeNanos":1610336880608000000,"modifiedTimeMillis":1610338342153,"rawTimestampNanos":0},
        {"fitValue":[{"value":{"fpVal":1.6799999475479126}}],"originDataSourceId":"raw:com.google.height:com.nurecausa.drtrustscaleconnect:","endTimeNanos":1610424408000000000,"dataTypeName":"com.google.height","startTimeNanos":1610424408000000000,"modifiedTimeMillis":1625143809883,"rawTimestampNanos":0},
        {"fitValue":[{"value":{"fpVal":1.6799999475479126}}],"originDataSourceId":"raw:com.google.height:com.nurecausa.drtrustscaleconnect:","endTimeNanos":1610424408538000000,"dataTypeName":"com.google.height","startTimeNanos":1610424408538000000,"modifiedTimeMillis":1610425008091,"rawTimestampNanos":0},
        {"fitValue":[{"value":{"fpVal":1.6799999475479126}}],"originDataSourceId":"raw:com.google.height:com.nurecausa.drtrustscaleconnect:","endTimeNanos":1610424415665000000,"dataTypeName":"com.google.height","startTimeNanos":1610424415665000000,"modifiedTimeMillis":1610425008091,"rawTimestampNanos":0},
        {"fitValue":[{"value":{"fpVal":1.6799999475479126}}],"originDataSourceId":"raw:com.google.height:com.nurecausa.drtrustscaleconnect:","endTimeNanos":1610512309000000000,"dataTypeName":"com.google.height","startTimeNanos":1610512309000000000,"modifiedTimeMillis":1625143809883,"rawTimestampNanos":0},
        {"fitValue":[{"value":{"fpVal":1.6799999475479126}}],"originDataSourceId":"raw:com.google.height:com.nurecausa.drtrustscaleconnect:","endTimeNanos":1610512309755000000,"dataTypeName":"com.google.height","startTimeNanos":1610512309755000000,"modifiedTimeMillis":1610513158012,"rawTimestampNanos":0},
        {"fitValue":[{"value":{"fpVal":1.6799999475479126}}],"originDataSourceId":"raw:com.google.height:com.nurecausa.drtrustscaleconnect:","endTimeNanos":1610512336385000000,"dataTypeName":"com.google.height","startTimeNanos":1610512336385000000,"modifiedTimeMillis":1610513158012,"rawTimestampNanos":0},
        {"fitValue":[{"value":{"fpVal":1.6799999475479126}}],"originDataSourceId":"raw:com.google.height:com.nurecausa.drtrustscaleconnect:","endTimeNanos":1610597819000000000,"dataTypeName":"com.google.height","startTimeNanos":1610597819000000000,"modifiedTimeMillis":1625143809883,"rawTimestampNanos":0},
        {"fitValue":[{"value":{"fpVal":1.6799999475479126}}],"originDataSourceId":"raw:com.google.height:com.nurecausa.drtrustscaleconnect:","endTimeNanos":1610597819337000000,"dataTypeName":"com.google.height","startTimeNanos":1610597819337000000,"modifiedTimeMillis":1610602080050,"rawTimestampNanos":0},
        {"fitValue":[{"value":{"fpVal":1.6799999475479126}}],"originDataSourceId":"raw:com.google.height:com.nurecausa.drtrustscaleconnect:","endTimeNanos":1610597861855000000,"dataTypeName":"com.google.height","startTimeNanos":1610597861855000000,"modifiedTimeMillis":1610602080050,"rawTimestampNanos":0},
        {"fitValue":[{"value":{"fpVal":1.6799999475479126}}],"originDataSourceId":"raw:com.google.height:com.nurecausa.drtrustscaleconnect:","endTimeNanos":1610597861856000000,"dataTypeName":"com.google.height","startTimeNanos":1610597861856000000,"modifiedTimeMillis":1610602080050,"rawTimestampNanos":0},
        {"fitValue":[{"value":{"fpVal":1.6799999475479126}}],"originDataSourceId":"raw:com.google.height:com.nurecausa.drtrustscaleconnect:","endTimeNanos":1610597886891000000,"dataTypeName":"com.google.height","startTimeNanos":1610597886891000000,"modifiedTimeMillis":1610602080050,"rawTimestampNanos":0},
        {"fitValue":[{"value":{"fpVal":1.6799999475479126}}],"originDataSourceId":"raw:com.google.height:com.nurecausa.drtrustscaleconnect:","endTimeNanos":1610941149000000000,"dataTypeName":"com.google.height","startTimeNanos":1610941149000000000,"modifiedTimeMillis":1625143809883,"rawTimestampNanos":0},
        {"fitValue":[{"value":{"fpVal":1.6799999475479126}}],"originDataSourceId":"raw:com.google.height:com.nurecausa.drtrustscaleconnect:","endTimeNanos":1610941149731000000,"dataTypeName":"com.google.height","startTimeNanos":1610941149731000000,"modifiedTimeMillis":1610951627486,"rawTimestampNanos":0},
        {"fitValue":[{"value":{"fpVal":1.6799999475479126}}],"originDataSourceId":"raw:com.google.height:com.nurecausa.drtrustscaleconnect:","endTimeNanos":1610941160353000000,"dataTypeName":"com.google.height","startTimeNanos":1610941160353000000,"modifiedTimeMillis":1610951627486,"rawTimestampNanos":0},
        {"fitValue":[{"value":{"fpVal":1.6799999475479126}}],"originDataSourceId":"raw:com.google.height:com.nurecausa.drtrustscaleconnect:","endTimeNanos":1611025505000000000,"dataTypeName":"com.google.height","startTimeNanos":1611025505000000000,"modifiedTimeMillis":1625143809883,"rawTimestampNanos":0},
        {"fitValue":[{"value":{"fpVal":1.6799999475479126}}],"originDataSourceId":"raw:com.google.height:com.nurecausa.drtrustscaleconnect:","endTimeNanos":1611025505764000000,"dataTypeName":"com.google.height","startTimeNanos":1611025505764000000,"modifiedTimeMillis":1611037233361,"rawTimestampNanos":0},
        {"fitValue":[{"value":{"fpVal":1.6799999475479126}}],"originDataSourceId":"raw:com.google.height:com.nurecausa.drtrustscaleconnect:","endTimeNanos":1611025509432000000,"dataTypeName":"com.google.height","startTimeNanos":1611025509432000000,"modifiedTimeMillis":1611037233361,"rawTimestampNanos":0},
        {"fitValue":[{"value":{"fpVal":1.6799999475479126}}],"originDataSourceId":"raw:com.google.height:com.nurecausa.drtrustscaleconnect:","endTimeNanos":1611110066000000000,"dataTypeName":"com.google.height","startTimeNanos":1611110066000000000,"modifiedTimeMillis":1625143809883,"rawTimestampNanos":0},
        {"fitValue":[{"value":{"fpVal":1.6799999475479126}}],"originDataSourceId":"raw:com.google.height:com.nurecausa.drtrustscaleconnect:","endTimeNanos":1611110066489000000,"dataTypeName":"com.google.height","startTimeNanos":1611110066489000000,"modifiedTimeMillis":1611113463252,"rawTimestampNanos":0},
        {"fitValue":[{"value":{"fpVal":1.6799999475479126}}],"originDataSourceId":"raw:com.google.height:com.nurecausa.drtrustscaleconnect:","endTimeNanos":1611110078985000000,"dataTypeName":"com.google.height","startTimeNanos":1611110078985000000,"modifiedTimeMillis":1611113463252,"rawTimestampNanos":0},
        {"fitValue":[{"value":{"fpVal":1.6799999475479126}}],"originDataSourceId":"raw:com.google.height:com.nurecausa.drtrustscaleconnect:","endTimeNanos":1611110078986000000,"dataTypeName":"com.google.height","startTimeNanos":1611110078986000000,"modifiedTimeMillis":1611113463252,"rawTimestampNanos":0},
        {"fitValue":[{"value":{"fpVal":1.6799999475479126}}],"originDataSourceId":"raw:com.google.height:com.nurecausa.drtrustscaleconnect:","endTimeNanos":1611110186961000000,"dataTypeName":"com.google.height","startTimeNanos":1611110186961000000,"modifiedTimeMillis":1611113463252,"rawTimestampNanos":0},
        {"fitValue":[{"value":{"fpVal":1.6799999475479126}}],"originDataSourceId":"raw:com.google.height:com.nurecausa.drtrustscaleconnect:","endTimeNanos":1611110186962000000,"dataTypeName":"com.google.height","startTimeNanos":1611110186962000000,"modifiedTimeMillis":1611113463252,"rawTimestampNanos":0},
        {"fitValue":[{"value":{"fpVal":1.6799999475479126}}],"originDataSourceId":"raw:com.google.height:com.nurecausa.drtrustscaleconnect:","endTimeNanos":1611110244071000000,"dataTypeName":"com.google.height","startTimeNanos":1611110244071000000,"modifiedTimeMillis":1611113463252,"rawTimestampNanos":0},
        {"fitValue":[{"value":{"fpVal":1.6799999475479126}}],"originDataSourceId":"raw:com.google.height:com.nurecausa.drtrustscaleconnect:","endTimeNanos":1611200661000000000,"dataTypeName":"com.google.height","startTimeNanos":1611200661000000000,"modifiedTimeMillis":1625143809883,"rawTimestampNanos":0},
        {"fitValue":[{"value":{"fpVal":1.6799999475479126}}],"originDataSourceId":"raw:com.google.height:com.nurecausa.drtrustscaleconnect:","endTimeNanos":1611200661761000000,"dataTypeName":"com.google.height","startTimeNanos":1611200661761000000,"modifiedTimeMillis":1611201117998,"rawTimestampNanos":0},
        {"fitValue":[{"value":{"fpVal":1.6799999475479126}}],"originDataSourceId":"raw:com.google.height:com.nurecausa.drtrustscaleconnect:","endTimeNanos":1611200710612000000,"dataTypeName":"com.google.height","startTimeNanos":1611200710612000000,"modifiedTimeMillis":1611201117998,"rawTimestampNanos":0},
        {"fitValue":[{"value":{"fpVal":1.6799999475479126}}],"originDataSourceId":"raw:com.google.height:com.nurecausa.drtrustscaleconnect:","endTimeNanos":1611200710613000000,"dataTypeName":"com.google.height","startTimeNanos":1611200710613000000,"modifiedTimeMillis":1611201117998,"rawTimestampNanos":0},
        {"fitValue":[{"value":{"fpVal":1.6799999475479126}}],"originDataSourceId":"raw:com.google.height:com.nurecausa.drtrustscaleconnect:","endTimeNanos":1611287311000000000,"dataTypeName":"com.google.height","startTimeNanos":1611287311000000000,"modifiedTimeMillis":1625143809883,"rawTimestampNanos":0},
        {"fitValue":[{"value":{"fpVal":1.6799999475479126}}],"originDataSourceId":"raw:com.google.height:com.nurecausa.drtrustscaleconnect:","endTimeNanos":1611287311461000000,"dataTypeName":"com.google.height","startTimeNanos":1611287311461000000,"modifiedTimeMillis":1611287328805,"rawTimestampNanos":0},
        {"fitValue":[{"value":{"fpVal":1.6799999475479126}}],"originDataSourceId":"raw:com.google.height:com.nurecausa.drtrustscaleconnect:","endTimeNanos":1611287314491000000,"dataTypeName":"com.google.height","startTimeNanos":1611287314491000000,"modifiedTimeMillis":1611287328805,"rawTimestampNanos":0},
        {"fitValue":[{"value":{"fpVal":1.6799999475479126}}],"originDataSourceId":"raw:com.google.height:com.nurecausa.drtrustscaleconnect:","endTimeNanos":1611287314492000000,"dataTypeName":"com.google.height","startTimeNanos":1611287314492000000,"modifiedTimeMillis":1611287328805,"rawTimestampNanos":0},
        {"fitValue":[{"value":{"fpVal":1.6799999475479126}}],"originDataSourceId":"raw:com.google.height:com.nurecausa.drtrustscaleconnect:","endTimeNanos":1611374679000000000,"dataTypeName":"com.google.height","startTimeNanos":1611374679000000000,"modifiedTimeMillis":1625143809883,"rawTimestampNanos":0},
        {"fitValue":[{"value":{"fpVal":1.6799999475479126}}],"originDataSourceId":"raw:com.google.height:com.nurecausa.drtrustscaleconnect:","endTimeNanos":1611374679437000000,"dataTypeName":"com.google.height","startTimeNanos":1611374679437000000,"modifiedTimeMillis":1611388911267,"rawTimestampNanos":0},
        {"fitValue":[{"value":{"fpVal":1.6799999475479126}}],"originDataSourceId":"raw:com.google.height:com.nurecausa.drtrustscaleconnect:","endTimeNanos":1611807320000000000,"dataTypeName":"com.google.height","startTimeNanos":1611807320000000000,"modifiedTimeMillis":1625143809883,"rawTimestampNanos":0},
        {"fitValue":[{"value":{"fpVal":1.6799999475479126}}],"originDataSourceId":"raw:com.google.height:com.nurecausa.drtrustscaleconnect:","endTimeNanos":1611807320056000000,"dataTypeName":"com.google.height","startTimeNanos":1611807320056000000,"modifiedTimeMillis":1611818787770,"rawTimestampNanos":0},
        {"fitValue":[{"value":{"fpVal":1.6799999475479126}}],"originDataSourceId":"raw:com.google.height:com.nurecausa.drtrustscaleconnect:","endTimeNanos":1611807327810000000,"dataTypeName":"com.google.height","startTimeNanos":1611807327810000000,"modifiedTimeMillis":1611818787770,"rawTimestampNanos":0},
        {"fitValue":[{"value":{"fpVal":1.6799999475479126}}],"originDataSourceId":"raw:com.google.height:com.nurecausa.drtrustscaleconnect:","endTimeNanos":1611807327811000000,"dataTypeName":"com.google.height","startTimeNanos":1611807327811000000,"modifiedTimeMillis":1611818787770,"rawTimestampNanos":0},
        {"fitValue":[{"value":{"fpVal":1.6799999475479126}}],"originDataSourceId":"raw:com.google.height:com.nurecausa.drtrustscaleconnect:","endTimeNanos":1611807337837000000,"dataTypeName":"com.google.height","startTimeNanos":1611807337837000000,"modifiedTimeMillis":1611818787770,"rawTimestampNanos":0},
        {"fitValue":[{"value":{"fpVal":1.6799999475479126}}],"originDataSourceId":"raw:com.google.height:com.nurecausa.drtrustscaleconnect:","endTimeNanos":1611807337838000000,"dataTypeName":"com.google.height","startTimeNanos":1611807337838000000,"modifiedTimeMillis":1611818787770,"rawTimestampNanos":0},
        {"fitValue":[{"value":{"fpVal":1.6799999475479126}}],"originDataSourceId":"raw:com.google.height:com.nurecausa.drtrustscaleconnect:","endTimeNanos":1611809495655000000,"dataTypeName":"com.google.height","startTimeNanos":1611809495655000000,"modifiedTimeMillis":1611818787770,"rawTimestampNanos":0},
        {"fitValue":[{"value":{"fpVal":1.6799999475479126}}],"originDataSourceId":"raw:com.google.height:com.nurecausa.drtrustscaleconnect:","endTimeNanos":1611809495656000000,"dataTypeName":"com.google.height","startTimeNanos":1611809495656000000,"modifiedTimeMillis":1611818787770,"rawTimestampNanos":0},
        {"fitValue":[{"value":{"fpVal":1.6799999475479126}}],"originDataSourceId":"raw:com.google.height:com.nurecausa.drtrustscaleconnect:","endTimeNanos":1611892372000000000,"dataTypeName":"com.google.height","startTimeNanos":1611892372000000000,"modifiedTimeMillis":1625143809883,"rawTimestampNanos":0},
        {"fitValue":[{"value":{"fpVal":1.6799999475479126}}],"originDataSourceId":"raw:com.google.height:com.nurecausa.drtrustscaleconnect:","endTimeNanos":1611892372850000000,"dataTypeName":"com.google.height","startTimeNanos":1611892372850000000,"modifiedTimeMillis":1611909091203,"rawTimestampNanos":0},
        {"fitValue":[{"value":{"fpVal":1.6799999475479126}}],"originDataSourceId":"raw:com.google.height:com.nurecausa.drtrustscaleconnect:","endTimeNanos":1611892384999000000,"dataTypeName":"com.google.height","startTimeNanos":1611892384999000000,"modifiedTimeMillis":1611909091203,"rawTimestampNanos":0},
        {"fitValue":[{"value":{"fpVal":1.6799999475479126}}],"originDataSourceId":"raw:com.google.height:com.nurecausa.drtrustscaleconnect:","endTimeNanos":1611892385000000000,"dataTypeName":"com.google.height","startTimeNanos":1611892385000000000,"modifiedTimeMillis":1611909091203,"rawTimestampNanos":0},
        {"fitValue":[{"value":{"fpVal":1.6799999475479126}}],"originDataSourceId":"raw:com.google.height:com.nurecausa.drtrustscaleconnect:","endTimeNanos":1612065000000000000,"dataTypeName":"com.google.height","startTimeNanos":1612065000000000000,"modifiedTimeMillis":1625143809883,"rawTimestampNanos":0},
        {"fitValue":[{"value":{"fpVal":1.6799999475479126}}],"originDataSourceId":"raw:com.google.height:com.nurecausa.drtrustscaleconnect:","endTimeNanos":1612065000558000000,"dataTypeName":"com.google.height","startTimeNanos":1612065000558000000,"modifiedTimeMillis":1612067501322,"rawTimestampNanos":0},
        {"fitValue":[{"value":{"fpVal":1.6799999475479126}}],"originDataSourceId":"raw:com.google.height:com.nurecausa.drtrustscaleconnect:","endTimeNanos":1612065037111000000,"dataTypeName":"com.google.height","startTimeNanos":1612065037111000000,"modifiedTimeMillis":1612067501322,"rawTimestampNanos":0},
        {"fitValue":[{"value":{"fpVal":1.6799999475479126}}],"originDataSourceId":"raw:com.google.height:com.nurecausa.drtrustscaleconnect:","endTimeNanos":1612065037112000000,"dataTypeName":"com.google.height","startTimeNanos":1612065037112000000,"modifiedTimeMillis":1612067501322,"rawTimestampNanos":0},
        {"fitValue":[{"value":{"fpVal":1.6799999475479126}}],"originDataSourceId":"raw:com.google.height:com.nurecausa.drtrustscaleconnect:","endTimeNanos":1612068080000000000,"dataTypeName":"com.google.height","startTimeNanos":1612068080000000000,"modifiedTimeMillis":1625143809883,"rawTimestampNanos":0},
        {"fitValue":[{"value":{"fpVal":1.6799999475479126}}],"originDataSourceId":"raw:com.google.height:com.nurecausa.drtrustscaleconnect:","endTimeNanos":1612068080419000000,"dataTypeName":"com.google.height","startTimeNanos":1612068080419000000,"modifiedTimeMillis":1612092761290,"rawTimestampNanos":0},
        {"fitValue":[{"value":{"fpVal":1.6799999475479126}}],"originDataSourceId":"raw:com.google.height:com.nurecausa.drtrustscaleconnect:","endTimeNanos":1613097342000000000,"dataTypeName":"com.google.height","startTimeNanos":1613097342000000000,"modifiedTimeMillis":1625143809884,"rawTimestampNanos":0},
        {"fitValue":[{"value":{"fpVal":1.6799999475479126}}],"originDataSourceId":"raw:com.google.height:com.nurecausa.drtrustscaleconnect:","endTimeNanos":1613097342582000000,"dataTypeName":"com.google.height","startTimeNanos":1613097342582000000,"modifiedTimeMillis":1613098831428,"rawTimestampNanos":0},
        {"fitValue":[{"value":{"fpVal":1.6799999475479126}}],"originDataSourceId":"raw:com.google.height:com.nurecausa.drtrustscaleconnect:","endTimeNanos":1613097346118000000,"dataTypeName":"com.google.height","startTimeNanos":1613097346118000000,"modifiedTimeMillis":1613098831428,"rawTimestampNanos":0},
        {"fitValue":[{"value":{"fpVal":1.6799999475479126}}],"originDataSourceId":"raw:com.google.height:com.nurecausa.drtrustscaleconnect:","endTimeNanos":1613097346119000000,"dataTypeName":"com.google.height","startTimeNanos":1613097346119000000,"modifiedTimeMillis":1613098831428,"rawTimestampNanos":0},
        {"fitValue":[{"value":{"fpVal":1.6799999475479126}}],"originDataSourceId":"raw:com.google.height:com.nurecausa.drtrustscaleconnect:","endTimeNanos":1625143262000000000,"dataTypeName":"com.google.height","startTimeNanos":1625143262000000000,"modifiedTimeMillis":1625143809897,"rawTimestampNanos":0},
        {"fitValue":[{"value":{"fpVal":1.6799999475479126}}],"originDataSourceId":"raw:com.google.height:com.nurecausa.drtrustscaleconnect:","endTimeNanos":1625199501000000000,"dataTypeName":"com.google.height","startTimeNanos":1625199501000000000,"modifiedTimeMillis":1625199536132,"rawTimestampNanos":0},
        {"fitValue":[{"value":{"fpVal":1.6799999475479126}}],"originDataSourceId":"raw:com.google.height:com.nurecausa.drtrustscaleconnect:","endTimeNanos":1625286059000000000,"dataTypeName":"com.google.height","startTimeNanos":1625286059000000000,"modifiedTimeMillis":1625286094496,"rawTimestampNanos":0}
    ]
}