{
    "Data Source": "derived:com.google.location.sample:com.google.android.gms:merge_location_samples",
    "Data Points": [
        {"fitValue":[{"value":{"fpVal":12.98544979095459}},{"value":{"fpVal":80.21321105957031}},{"value":{"fpVal":15.01099967956543}},{"value":{"fpVal":-84.4000015258789}}],"originDataSourceId":"derived:com.google.location.sample:com.google.android.apps.fitness:app_location","endTimeNanos":1625415331125000000,"dataTypeName":"com.google.location.sample","startTimeNanos":1625415331125000000,"modifiedTimeMillis":1625415668365,"rawTimestampNanos":0}
    ]
}