{
    "Data Source": "derived:com.google.weight:com.google.android.gms:merge_weight",
    "Data Points": [
        {"fitValue":[{"value":{"fpVal":103}}],"originDataSourceId":"raw:com.google.weight:com.google.android.apps.fitness:user_input","endTimeNanos":1597739127818000000,"dataTypeName":"com.google.weight","startTimeNanos":1597739127818000000,"modifiedTimeMillis":1597739141863,"rawTimestampNanos":0},
        {"fitValue":[{"value":{"fpVal":101}}],"originDataSourceId":"raw:com.google.weight:com.healthifyme.basic:","endTimeNanos":1605511827070000000,"dataTypeName":"com.google.weight","startTimeNanos":1605511827070000000,"modifiedTimeMillis":1605512087859,"rawTimestampNanos":0},
        {"fitValue":[{"value":{"fpVal":97.69999694824219}}],"originDataSourceId":"raw:com.google.weight:com.nurecausa.drtrustscaleconnect:","endTimeNanos":1609999196000000000,"dataTypeName":"com.google.weight","startTimeNanos":1609999196000000000,"modifiedTimeMillis":1625143809884,"rawTimestampNanos":0},
        {"fitValue":[{"value":{"fpVal":97.69999694824219}}],"originDataSourceId":"raw:com.google.weight:com.nurecausa.drtrustscaleconnect:","endTimeNanos":1609999356665000000,"dataTypeName":"com.google.weight","startTimeNanos":1609999356665000000,"modifiedTimeMillis":1610001871017,"rawTimestampNanos":0},
        {"fitValue":[{"value":{"fpVal":97.69999694824219}}],"originDataSourceId":"raw:com.google.weight:com.nurecausa.drtrustscaleconnect:","endTimeNanos":1609999369164000000,"dataTypeName":"com.google.weight","startTimeNanos":1609999369164000000,"modifiedTimeMillis":1610001871017,"rawTimestampNanos":0},
        {"fitValue":[{"value":{"fpVal":97.69999694824219}}],"originDataSourceId":"raw:com.google.weight:com.nurecausa.drtrustscaleconnect:","endTimeNanos":1609999406966000000,"dataTypeName":"com.google.weight","startTimeNanos":1609999406966000000,"modifiedTimeMillis":1610001871017,"rawTimestampNanos":0},
        {"fitValue":[{"value":{"fpVal":97.23999786376953}}],"originDataSourceId":"raw:com.google.weight:com.nurecausa.drtrustscaleconnect:","endTimeNanos":1610078232000000000,"dataTypeName":"com.google.weight","startTimeNanos":1610078232000000000,"modifiedTimeMillis":1625143809884,"rawTimestampNanos":0},
        {"fitValue":[{"value":{"fpVal":97.23999786376953}}],"originDataSourceId":"raw:com.google.weight:com.nurecausa.drtrustscaleconnect:","endTimeNanos":1610078232468000000,"dataTypeName":"com.google.weight","startTimeNanos":1610078232468000000,"modifiedTimeMillis":1610092008853,"rawTimestampNanos":0},
        {"fitValue":[{"value":{"fpVal":97.69999694824219}}],"originDataSourceId":"raw:com.google.weight:com.nurecausa.drtrustscaleconnect:","endTimeNanos":1610078243974000000,"dataTypeName":"com.google.weight","startTimeNanos":1610078243974000000,"modifiedTimeMillis":1610092008853,"rawTimestampNanos":0},
        {"fitValue":[{"value":{"fpVal":97.23999786376953}}],"originDataSourceId":"raw:com.google.weight:com.nurecausa.drtrustscaleconnect:","endTimeNanos":1610078243975000000,"dataTypeName":"com.google.weight","startTimeNanos":1610078243975000000,"modifiedTimeMillis":1610092008853,"rawTimestampNanos":0},
        {"fitValue":[{"value":{"fpVal":98.0999984741211}}],"originDataSourceId":"raw:com.google.weight:com.nurecausa.drtrustscaleconnect:","endTimeNanos":1610160167000000000,"dataTypeName":"com.google.weight","startTimeNanos":1610160167000000000,"modifiedTimeMillis":1625143809884,"rawTimestampNanos":0},
        {"fitValue":[{"value":{"fpVal":98.0999984741211}}],"originDataSourceId":"raw:com.google.weight:com.nurecausa.drtrustscaleconnect:","endTimeNanos":1610160167409000000,"dataTypeName":"com.google.weight","startTimeNanos":1610160167409000000,"modifiedTimeMillis":1610163054278,"rawTimestampNanos":0},
        {"fitValue":[{"value":{"fpVal":97.69999694824219}}],"originDataSourceId":"raw:com.google.weight:com.nurecausa.drtrustscaleconnect:","endTimeNanos":1610160186434000000,"dataTypeName":"com.google.weight","startTimeNanos":1610160186434000000,"modifiedTimeMillis":1610163054278,"rawTimestampNanos":0},
        {"fitValue":[{"value":{"fpVal":97.23999786376953}}],"originDataSourceId":"raw:com.google.weight:com.nurecausa.drtrustscaleconnect:","endTimeNanos":1610160186435000000,"dataTypeName":"com.google.weight","startTimeNanos":1610160186435000000,"modifiedTimeMillis":1610163054278,"rawTimestampNanos":0},
        {"fitValue":[{"value":{"fpVal":98.0999984741211}}],"originDataSourceId":"raw:com.google.weight:com.nurecausa.drtrustscaleconnect:","endTimeNanos":1610160186436000000,"dataTypeName":"com.google.weight","startTimeNanos":1610160186436000000,"modifiedTimeMillis":1610163054278,"rawTimestampNanos":0},
        {"fitValue":[{"value":{"fpVal":97.44000244140625}}],"originDataSourceId":"raw:com.google.weight:com.nurecausa.drtrustscaleconnect:","endTimeNanos":1610252189000000000,"dataTypeName":"com.google.weight","startTimeNanos":1610252189000000000,"modifiedTimeMillis":1625143809884,"rawTimestampNanos":0},
        {"fitValue":[{"value":{"fpVal":97.69999694824219}}],"originDataSourceId":"raw:com.google.weight:com.nurecausa.drtrustscaleconnect:","endTimeNanos":1610252269338000000,"dataTypeName":"com.google.weight","startTimeNanos":1610252269338000000,"modifiedTimeMillis":1610255424511,"rawTimestampNanos":0},
        {"fitValue":[{"value":{"fpVal":97.23999786376953}}],"originDataSourceId":"raw:com.google.weight:com.nurecausa.drtrustscaleconnect:","endTimeNanos":1610252269347000000,"dataTypeName":"com.google.weight","startTimeNanos":1610252269347000000,"modifiedTimeMillis":1610255424511,"rawTimestampNanos":0},
        {"fitValue":[{"value":{"fpVal":98.0999984741211}}],"originDataSourceId":"raw:com.google.weight:com.nurecausa.drtrustscaleconnect:","endTimeNanos":1610252269348000000,"dataTypeName":"com.google.weight","startTimeNanos":1610252269348000000,"modifiedTimeMillis":1610255424511,"rawTimestampNanos":0},
        {"fitValue":[{"value":{"fpVal":97.44000244140625}}],"originDataSourceId":"raw:com.google.weight:com.nurecausa.drtrustscaleconnect:","endTimeNanos":1610252269349000000,"dataTypeName":"com.google.weight","startTimeNanos":1610252269349000000,"modifiedTimeMillis":1610255424511,"rawTimestampNanos":0},
        {"fitValue":[{"value":{"fpVal":97.69999694824219}}],"originDataSourceId":"raw:com.google.weight:com.nurecausa.drtrustscaleconnect:","endTimeNanos":1610252394709000000,"dataTypeName":"com.google.weight","startTimeNanos":1610252394709000000,"modifiedTimeMillis":1610255424511,"rawTimestampNanos":0},
        {"fitValue":[{"value":{"fpVal":97.23999786376953}}],"originDataSourceId":"raw:com.google.weight:com.nurecausa.drtrustscaleconnect:","endTimeNanos":1610252394710000000,"dataTypeName":"com.google.weight","startTimeNanos":1610252394710000000,"modifiedTimeMillis":1610255424511,"rawTimestampNanos":0},
        {"fitValue":[{"value":{"fpVal":98.0999984741211}}],"originDataSourceId":"raw:com.google.weight:com.nurecausa.drtrustscaleconnect:","endTimeNanos":1610252394711000000,"dataTypeName":"com.google.weight","startTimeNanos":1610252394711000000,"modifiedTimeMillis":1610255424511,"rawTimestampNanos":0},
        {"fitValue":[{"value":{"fpVal":97.44000244140625}}],"originDataSourceId":"raw:com.google.weight:com.nurecausa.drtrustscaleconnect:","endTimeNanos":1610252394712000000,"dataTypeName":"com.google.weight","startTimeNanos":1610252394712000000,"modifiedTimeMillis":1610255424511,"rawTimestampNanos":0},
        {"fitValue":[{"value":{"fpVal":97.69999694824219}}],"originDataSourceId":"raw:com.google.weight:com.nurecausa.drtrustscaleconnect:","endTimeNanos":1610252497487000000,"dataTypeName":"com.google.weight","startTimeNanos":1610252497487000000,"modifiedTimeMillis":1610255424511,"rawTimestampNanos":0},
        {"fitValue":[{"value":{"fpVal":97.23999786376953}}],"originDataSourceId":"raw:com.google.weight:com.nurecausa.drtrustscaleconnect:","endTimeNanos":1610252497488000000,"dataTypeName":"com.google.weight","startTimeNanos":1610252497488000000,"modifiedTimeMillis":1610255424511,"rawTimestampNanos":0},
        {"fitValue":[{"value":{"fpVal":97.80000305175781}}],"originDataSourceId":"raw:com.google.weight:com.nurecausa.drtrustscaleconnect:","endTimeNanos":1610336858000000000,"dataTypeName":"com.google.weight","startTimeNanos":1610336858000000000,"modifiedTimeMillis":1625143809884,"rawTimestampNanos":0},
        {"fitValue":[{"value":{"fpVal":97.80000305175781}}],"originDataSourceId":"raw:com.google.weight:com.nurecausa.drtrustscaleconnect:","endTimeNanos":1610336858395000000,"dataTypeName":"com.google.weight","startTimeNanos":1610336858395000000,"modifiedTimeMillis":1610338342000,"rawTimestampNanos":0},
        {"fitValue":[{"value":{"fpVal":97.69999694824219}}],"originDataSourceId":"raw:com.google.weight:com.nurecausa.drtrustscaleconnect:","endTimeNanos":1610336880606000000,"dataTypeName":"com.google.weight","startTimeNanos":1610336880606000000,"modifiedTimeMillis":1610338342000,"rawTimestampNanos":0},
        {"fitValue":[{"value":{"fpVal":98.0999984741211}}],"originDataSourceId":"raw:com.google.weight:com.nurecausa.drtrustscaleconnect:","endTimeNanos":1610336880607000000,"dataTypeName":"com.google.weight","startTimeNanos":1610336880607000000,"modifiedTimeMillis":1610338342000,"rawTimestampNanos":0},
        {"fitValue":[{"value":{"fpVal":97.44000244140625}}],"originDataSourceId":"raw:com.google.weight:com.nurecausa.drtrustscaleconnect:","endTimeNanos":1610336880608000000,"dataTypeName":"com.google.weight","startTimeNanos":1610336880608000000,"modifiedTimeMillis":1610338342000,"rawTimestampNanos":0},
        {"fitValue":[{"value":{"fpVal":96.9000015258789}}],"originDataSourceId":"raw:com.google.weight:com.nurecausa.drtrustscaleconnect:","endTimeNanos":1610424408000000000,"dataTypeName":"com.google.weight","startTimeNanos":1610424408000000000,"modifiedTimeMillis":1625143809884,"rawTimestampNanos":0},
        {"fitValue":[{"value":{"fpVal":96.9000015258789}}],"originDataSourceId":"raw:com.google.weight:com.nurecausa.drtrustscaleconnect:","endTimeNanos":1610424408526000000,"dataTypeName":"com.google.weight","startTimeNanos":1610424408526000000,"modifiedTimeMillis":1610425007825,"rawTimestampNanos":0},
        {"fitValue":[{"value":{"fpVal":97.69999694824219}}],"originDataSourceId":"raw:com.google.weight:com.nurecausa.drtrustscaleconnect:","endTimeNanos":1610424415664000000,"dataTypeName":"com.google.weight","startTimeNanos":1610424415664000000,"modifiedTimeMillis":1610425007825,"rawTimestampNanos":0},
        {"fitValue":[{"value":{"fpVal":96.9000015258789}}],"originDataSourceId":"raw:com.google.weight:com.nurecausa.drtrustscaleconnect:","endTimeNanos":1610424415665000000,"dataTypeName":"com.google.weight","startTimeNanos":1610424415665000000,"modifiedTimeMillis":1610425007825,"rawTimestampNanos":0},
        {"fitValue":[{"value":{"fpVal":96.69999694824219}}],"originDataSourceId":"raw:com.google.weight:com.nurecausa.drtrustscaleconnect:","endTimeNanos":1610512309000000000,"dataTypeName":"com.google.weight","startTimeNanos":1610512309000000000,"modifiedTimeMillis":1625143809884,"rawTimestampNanos":0},
        {"fitValue":[{"value":{"fpVal":96.69999694824219}}],"originDataSourceId":"raw:com.google.weight:com.nurecausa.drtrustscaleconnect:","endTimeNanos":1610512309746000000,"dataTypeName":"com.google.weight","startTimeNanos":1610512309746000000,"modifiedTimeMillis":1610513157759,"rawTimestampNanos":0},
        {"fitValue":[{"value":{"fpVal":97.23999786376953}}],"originDataSourceId":"raw:com.google.weight:com.nurecausa.drtrustscaleconnect:","endTimeNanos":1610512336385000000,"dataTypeName":"com.google.weight","startTimeNanos":1610512336385000000,"modifiedTimeMillis":1610513157759,"rawTimestampNanos":0},
        {"fitValue":[{"value":{"fpVal":97.04000091552734}}],"originDataSourceId":"raw:com.google.weight:com.nurecausa.drtrustscaleconnect:","endTimeNanos":1610597819000000000,"dataTypeName":"com.google.weight","startTimeNanos":1610597819000000000,"modifiedTimeMillis":1625143809884,"rawTimestampNanos":0},
        {"fitValue":[{"value":{"fpVal":97.04000091552734}}],"originDataSourceId":"raw:com.google.weight:com.nurecausa.drtrustscaleconnect:","endTimeNanos":1610597819330000000,"dataTypeName":"com.google.weight","startTimeNanos":1610597819330000000,"modifiedTimeMillis":1610602080194,"rawTimestampNanos":0},
        {"fitValue":[{"value":{"fpVal":97.80000305175781}}],"originDataSourceId":"raw:com.google.weight:com.nurecausa.drtrustscaleconnect:","endTimeNanos":1610597861855000000,"dataTypeName":"com.google.weight","startTimeNanos":1610597861855000000,"modifiedTimeMillis":1610602080194,"rawTimestampNanos":0},
        {"fitValue":[{"value":{"fpVal":96.9000015258789}}],"originDataSourceId":"raw:com.google.weight:com.nurecausa.drtrustscaleconnect:","endTimeNanos":1610597861856000000,"dataTypeName":"com.google.weight","startTimeNanos":1610597861856000000,"modifiedTimeMillis":1610602080194,"rawTimestampNanos":0},
        {"fitValue":[{"value":{"fpVal":96.69999694824219}}],"originDataSourceId":"raw:com.google.weight:com.nurecausa.drtrustscaleconnect:","endTimeNanos":1610597886891000000,"dataTypeName":"com.google.weight","startTimeNanos":1610597886891000000,"modifiedTimeMillis":1610602080194,"rawTimestampNanos":0},
        {"fitValue":[{"value":{"fpVal":97.44000244140625}}],"originDataSourceId":"raw:com.google.weight:com.nurecausa.drtrustscaleconnect:","endTimeNanos":1610941149000000000,"dataTypeName":"com.google.weight","startTimeNanos":1610941149000000000,"modifiedTimeMillis":1625143809884,"rawTimestampNanos":0},
        {"fitValue":[{"value":{"fpVal":97.44000244140625}}],"originDataSourceId":"raw:com.google.weight:com.nurecausa.drtrustscaleconnect:","endTimeNanos":1610941149718000000,"dataTypeName":"com.google.weight","startTimeNanos":1610941149718000000,"modifiedTimeMillis":1610951627810,"rawTimestampNanos":0},
        {"fitValue":[{"value":{"fpVal":97.04000091552734}}],"originDataSourceId":"raw:com.google.weight:com.nurecausa.drtrustscaleconnect:","endTimeNanos":1610941160353000000,"dataTypeName":"com.google.weight","startTimeNanos":1610941160353000000,"modifiedTimeMillis":1610951627810,"rawTimestampNanos":0},
        {"fitValue":[{"value":{"fpVal":96.9000015258789}}],"originDataSourceId":"raw:com.google.weight:com.nurecausa.drtrustscaleconnect:","endTimeNanos":1611025505000000000,"dataTypeName":"com.google.weight","startTimeNanos":1611025505000000000,"modifiedTimeMillis":1625143809884,"rawTimestampNanos":0},
        {"fitValue":[{"value":{"fpVal":96.9000015258789}}],"originDataSourceId":"raw:com.google.weight:com.nurecausa.drtrustscaleconnect:","endTimeNanos":1611025505752000000,"dataTypeName":"com.google.weight","startTimeNanos":1611025505752000000,"modifiedTimeMillis":1611037233485,"rawTimestampNanos":0},
        {"fitValue":[{"value":{"fpVal":97.69999694824219}}],"originDataSourceId":"raw:com.google.weight:com.nurecausa.drtrustscaleconnect:","endTimeNanos":1611025509431000000,"dataTypeName":"com.google.weight","startTimeNanos":1611025509431000000,"modifiedTimeMillis":1611037233485,"rawTimestampNanos":0},
        {"fitValue":[{"value":{"fpVal":97.80000305175781}}],"originDataSourceId":"raw:com.google.weight:com.nurecausa.drtrustscaleconnect:","endTimeNanos":1611025509432000000,"dataTypeName":"com.google.weight","startTimeNanos":1611025509432000000,"modifiedTimeMillis":1611037233485,"rawTimestampNanos":0},
        {"fitValue":[{"value":{"fpVal":96.23999786376953}}],"originDataSourceId":"raw:com.google.weight:com.nurecausa.drtrustscaleconnect:","endTimeNanos":1611110066000000000,"dataTypeName":"com.google.weight","startTimeNanos":1611110066000000000,"modifiedTimeMillis":1625143809884,"rawTimestampNanos":0},
        {"fitValue":[{"value":{"fpVal":96.23999786376953}}],"originDataSourceId":"raw:com.google.weight:com.nurecausa.drtrustscaleconnect:","endTimeNanos":1611110066478000000,"dataTypeName":"com.google.weight","startTimeNanos":1611110066478000000,"modifiedTimeMillis":1611113463044,"rawTimestampNanos":0},
        {"fitValue":[{"value":{"fpVal":97.69999694824219}}],"originDataSourceId":"raw:com.google.weight:com.nurecausa.drtrustscaleconnect:","endTimeNanos":1611110078985000000,"dataTypeName":"com.google.weight","startTimeNanos":1611110078985000000,"modifiedTimeMillis":1611113463044,"rawTimestampNanos":0},
        {"fitValue":[{"value":{"fpVal":96.9000015258789}}],"originDataSourceId":"raw:com.google.weight:com.nurecausa.drtrustscaleconnect:","endTimeNanos":1611110078986000000,"dataTypeName":"com.google.weight","startTimeNanos":1611110078986000000,"modifiedTimeMillis":1611113463044,"rawTimestampNanos":0},
        {"fitValue":[{"value":{"fpVal":97.69999694824219}}],"originDataSourceId":"raw:com.google.weight:com.nurecausa.drtrustscaleconnect:","endTimeNanos":1611110186961000000,"dataTypeName":"com.google.weight","startTimeNanos":1611110186961000000,"modifiedTimeMillis":1611113463044,"rawTimestampNanos":0},
        {"fitValue":[{"value":{"fpVal":97.44000244140625}}],"originDataSourceId":"raw:com.google.weight:com.nurecausa.drtrustscaleconnect:","endTimeNanos":1611110186962000000,"dataTypeName":"com.google.weight","startTimeNanos":1611110186962000000,"modifiedTimeMillis":1611113463044,"rawTimestampNanos":0},
        {"fitValue":[{"value":{"fpVal":96.9000015258789}}],"originDataSourceId":"raw:com.google.weight:com.nurecausa.drtrustscaleconnect:","endTimeNanos":1611110244071000000,"dataTypeName":"com.google.weight","startTimeNanos":1611110244071000000,"modifiedTimeMillis":1611113463044,"rawTimestampNanos":0},
        {"fitValue":[{"value":{"fpVal":96.5}}],"originDataSourceId":"raw:com.google.weight:com.nurecausa.drtrustscaleconnect:","endTimeNanos":1611200661000000000,"dataTypeName":"com.google.weight","startTimeNanos":1611200661000000000,"modifiedTimeMillis":1625143809884,"rawTimestampNanos":0},
        {"fitValue":[{"value":{"fpVal":96.5}}],"originDataSourceId":"raw:com.google.weight:com.nurecausa.drtrustscaleconnect:","endTimeNanos":1611200661752000000,"dataTypeName":"com.google.weight","startTimeNanos":1611200661752000000,"modifiedTimeMillis":1611201117661,"rawTimestampNanos":0},
        {"fitValue":[{"value":{"fpVal":97.23999786376953}}],"originDataSourceId":"raw:com.google.weight:com.nurecausa.drtrustscaleconnect:","endTimeNanos":1611200710612000000,"dataTypeName":"com.google.weight","startTimeNanos":1611200710612000000,"modifiedTimeMillis":1611201117661,"rawTimestampNanos":0},
        {"fitValue":[{"value":{"fpVal":96.5}}],"originDataSourceId":"raw:com.google.weight:com.nurecausa.drtrustscaleconnect:","endTimeNanos":1611200710613000000,"dataTypeName":"com.google.weight","startTimeNanos":1611200710613000000,"modifiedTimeMillis":1611201117661,"rawTimestampNanos":0},
        {"fitValue":[{"value":{"fpVal":96.5999984741211}}],"originDataSourceId":"raw:com.google.weight:com.nurecausa.drtrustscaleconnect:","endTimeNanos":1611287311000000000,"dataTypeName":"com.google.weight","startTimeNanos":1611287311000000000,"modifiedTimeMillis":1625143809884,"rawTimestampNanos":0},
        {"fitValue":[{"value":{"fpVal":96.5999984741211}}],"originDataSourceId":"raw:com.google.weight:com.nurecausa.drtrustscaleconnect:","endTimeNanos":1611287311448000000,"dataTypeName":"com.google.weight","startTimeNanos":1611287311448000000,"modifiedTimeMillis":1611287328397,"rawTimestampNanos":0},
        {"fitValue":[{"value":{"fpVal":98.0999984741211}}],"originDataSourceId":"raw:com.google.weight:com.nurecausa.drtrustscaleconnect:","endTimeNanos":1611287314491000000,"dataTypeName":"com.google.weight","startTimeNanos":1611287314491000000,"modifiedTimeMillis":1611287328397,"rawTimestampNanos":0},
        {"fitValue":[{"value":{"fpVal":97.04000091552734}}],"originDataSourceId":"raw:com.google.weight:com.nurecausa.drtrustscaleconnect:","endTimeNanos":1611287314492000000,"dataTypeName":"com.google.weight","startTimeNanos":1611287314492000000,"modifiedTimeMillis":1611287328397,"rawTimestampNanos":0},
        {"fitValue":[{"value":{"fpVal":96.44000244140625}}],"originDataSourceId":"raw:com.google.weight:com.nurecausa.drtrustscaleconnect:","endTimeNanos":1611374679000000000,"dataTypeName":"com.google.weight","startTimeNanos":1611374679000000000,"modifiedTimeMillis":1625143809884,"rawTimestampNanos":0},
        {"fitValue":[{"value":{"fpVal":96.44000244140625}}],"originDataSourceId":"raw:com.google.weight:com.nurecausa.drtrustscaleconnect:","endTimeNanos":1611374679422000000,"dataTypeName":"com.google.weight","startTimeNanos":1611374679422000000,"modifiedTimeMillis":1611388910957,"rawTimestampNanos":0},
        {"fitValue":[{"value":{"fpVal":96.63999938964844}}],"originDataSourceId":"raw:com.google.weight:com.nurecausa.drtrustscaleconnect:","endTimeNanos":1611807320000000000,"dataTypeName":"com.google.weight","startTimeNanos":1611807320000000000,"modifiedTimeMillis":1625143809884,"rawTimestampNanos":0},
        {"fitValue":[{"value":{"fpVal":96.63999938964844}}],"originDataSourceId":"raw:com.google.weight:com.nurecausa.drtrustscaleconnect:","endTimeNanos":1611807320047000000,"dataTypeName":"com.google.weight","startTimeNanos":1611807320047000000,"modifiedTimeMillis":1611818787645,"rawTimestampNanos":0},
        {"fitValue":[{"value":{"fpVal":97.44000244140625}}],"originDataSourceId":"raw:com.google.weight:com.nurecausa.drtrustscaleconnect:","endTimeNanos":1611807327810000000,"dataTypeName":"com.google.weight","startTimeNanos":1611807327810000000,"modifiedTimeMillis":1611818787645,"rawTimestampNanos":0},
        {"fitValue":[{"value":{"fpVal":96.44000244140625}}],"originDataSourceId":"raw:com.google.weight:com.nurecausa.drtrustscaleconnect:","endTimeNanos":1611807327811000000,"dataTypeName":"com.google.weight","startTimeNanos":1611807327811000000,"modifiedTimeMillis":1611818787645,"rawTimestampNanos":0},
        {"fitValue":[{"value":{"fpVal":98.0999984741211}}],"originDataSourceId":"raw:com.google.weight:com.nurecausa.drtrustscaleconnect:","endTimeNanos":1611807337837000000,"dataTypeName":"com.google.weight","startTimeNanos":1611807337837000000,"modifiedTimeMillis":1611818787645,"rawTimestampNanos":0},
        {"fitValue":[{"value":{"fpVal":96.44000244140625}}],"originDataSourceId":"raw:com.google.weight:com.nurecausa.drtrustscaleconnect:","endTimeNanos":1611807337838000000,"dataTypeName":"com.google.weight","startTimeNanos":1611807337838000000,"modifiedTimeMillis":1611818787645,"rawTimestampNanos":0},
        {"fitValue":[{"value":{"fpVal":97.04000091552734}}],"originDataSourceId":"raw:com.google.weight:com.nurecausa.drtrustscaleconnect:","endTimeNanos":1611809495655000000,"dataTypeName":"com.google.weight","startTimeNanos":1611809495655000000,"modifiedTimeMillis":1611818787645,"rawTimestampNanos":0},
        {"fitValue":[{"value":{"fpVal":96.5999984741211}}],"originDataSourceId":"raw:com.google.weight:com.nurecausa.drtrustscaleconnect:","endTimeNanos":1611809495656000000,"dataTypeName":"com.google.weight","startTimeNanos":1611809495656000000,"modifiedTimeMillis":1611818787645,"rawTimestampNanos":0},
        {"fitValue":[{"value":{"fpVal":96.54000091552734}}],"originDataSourceId":"raw:com.google.weight:com.nurecausa.drtrustscaleconnect:","endTimeNanos":1611892372000000000,"dataTypeName":"com.google.weight","startTimeNanos":1611892372000000000,"modifiedTimeMillis":1625143809884,"rawTimestampNanos":0},
        {"fitValue":[{"value":{"fpVal":96.54000091552734}}],"originDataSourceId":"raw:com.google.weight:com.nurecausa.drtrustscaleconnect:","endTimeNanos":1611892372836000000,"dataTypeName":"com.google.weight","startTimeNanos":1611892372836000000,"modifiedTimeMillis":1611909090850,"rawTimestampNanos":0},
        {"fitValue":[{"value":{"fpVal":96.9000015258789}}],"originDataSourceId":"raw:com.google.weight:com.nurecausa.drtrustscaleconnect:","endTimeNanos":1611892384999000000,"dataTypeName":"com.google.weight","startTimeNanos":1611892384999000000,"modifiedTimeMillis":1611909090850,"rawTimestampNanos":0},
        {"fitValue":[{"value":{"fpVal":96.54000091552734}}],"originDataSourceId":"raw:com.google.weight:com.nurecausa.drtrustscaleconnect:","endTimeNanos":1611892385000000000,"dataTypeName":"com.google.weight","startTimeNanos":1611892385000000000,"modifiedTimeMillis":1611909090850,"rawTimestampNanos":0},
        {"fitValue":[{"value":{"fpVal":96.19999694824219}}],"originDataSourceId":"raw:com.google.weight:com.nurecausa.drtrustscaleconnect:","endTimeNanos":1612065000000000000,"dataTypeName":"com.google.weight","startTimeNanos":1612065000000000000,"modifiedTimeMillis":1625143809884,"rawTimestampNanos":0},
        {"fitValue":[{"value":{"fpVal":96.19999694824219}}],"originDataSourceId":"raw:com.google.weight:com.nurecausa.drtrustscaleconnect:","endTimeNanos":1612065000548000000,"dataTypeName":"com.google.weight","startTimeNanos":1612065000548000000,"modifiedTimeMillis":1612067501583,"rawTimestampNanos":0},
        {"fitValue":[{"value":{"fpVal":98.0999984741211}}],"originDataSourceId":"raw:com.google.weight:com.nurecausa.drtrustscaleconnect:","endTimeNanos":1612065037111000000,"dataTypeName":"com.google.weight","startTimeNanos":1612065037111000000,"modifiedTimeMillis":1612067501583,"rawTimestampNanos":0},
        {"fitValue":[{"value":{"fpVal":97.80000305175781}}],"originDataSourceId":"raw:com.google.weight:com.nurecausa.drtrustscaleconnect:","endTimeNanos":1612065037112000000,"dataTypeName":"com.google.weight","startTimeNanos":1612065037112000000,"modifiedTimeMillis":1612067501583,"rawTimestampNanos":0},
        {"fitValue":[{"value":{"fpVal":96.23999786376953}}],"originDataSourceId":"raw:com.google.weight:com.nurecausa.drtrustscaleconnect:","endTimeNanos":1612068080000000000,"dataTypeName":"com.google.weight","startTimeNanos":1612068080000000000,"modifiedTimeMillis":1625143809884,"rawTimestampNanos":0},
        {"fitValue":[{"value":{"fpVal":96.23999786376953}}],"originDataSourceId":"raw:com.google.weight:com.nurecausa.drtrustscaleconnect:","endTimeNanos":1612068080405000000,"dataTypeName":"com.google.weight","startTimeNanos":1612068080405000000,"modifiedTimeMillis":1612092761575,"rawTimestampNanos":0},
        {"fitValue":[{"value":{"fpVal":95.9000015258789}}],"originDataSourceId":"raw:com.google.weight:com.nurecausa.drtrustscaleconnect:","endTimeNanos":1613097342000000000,"dataTypeName":"com.google.weight","startTimeNanos":1613097342000000000,"modifiedTimeMillis":1625143809884,"rawTimestampNanos":0},
        {"fitValue":[{"value":{"fpVal":95.9000015258789}}],"originDataSourceId":"raw:com.google.weight:com.nurecausa.drtrustscaleconnect:","endTimeNanos":1613097342569000000,"dataTypeName":"com.google.weight","startTimeNanos":1613097342569000000,"modifiedTimeMillis":1613098830696,"rawTimestampNanos":0},
        {"fitValue":[{"value":{"fpVal":97.23999786376953}}],"originDataSourceId":"raw:com.google.weight:com.nurecausa.drtrustscaleconnect:","endTimeNanos":1613097346118000000,"dataTypeName":"com.google.weight","startTimeNanos":1613097346118000000,"modifiedTimeMillis":1613098830696,"rawTimestampNanos":0},
        {"fitValue":[{"value":{"fpVal":96.44000244140625}}],"originDataSourceId":"raw:com.google.weight:com.nurecausa.drtrustscaleconnect:","endTimeNanos":1613097346119000000,"dataTypeName":"com.google.weight","startTimeNanos":1613097346119000000,"modifiedTimeMillis":1613098830696,"rawTimestampNanos":0},
        {"fitValue":[{"value":{"fpVal":97.54000091552734}}],"originDataSourceId":"raw:com.google.weight:com.nurecausa.drtrustscaleconnect:","endTimeNanos":1625143262000000000,"dataTypeName":"com.google.weight","startTimeNanos":1625143262000000000,"modifiedTimeMillis":1625143809896,"rawTimestampNanos":0},
        {"fitValue":[{"value":{"fpVal":97.04000091552734}}],"originDataSourceId":"raw:com.google.weight:com.nurecausa.drtrustscaleconnect:","endTimeNanos":1625199501000000000,"dataTypeName":"com.google.weight","startTimeNanos":1625199501000000000,"modifiedTimeMillis":1625199536131,"rawTimestampNanos":0},
        {"fitValue":[{"value":{"fpVal":97.0999984741211}}],"originDataSourceId":"raw:com.google.weight:com.nurecausa.drtrustscaleconnect:","endTimeNanos":1625286059000000000,"dataTypeName":"com.google.weight","startTimeNanos":1625286059000000000,"modifiedTimeMillis":1625286094504,"rawTimestampNanos":0}
    ]
}