{
  "fitnessActivity": "walking",
  "startTime": "2020-12-12T06:26:00.163Z",
  "endTime": "2020-12-12T06:46:54.990Z",
  "duration": "394.175s",
  "segment": [{
    "fitnessActivity": "walking",
    "startTime": "2020-12-12T06:26:00.163Z",
    "endTime": "2020-12-12T06:26:16.198Z"
  }, {
    "fitnessActivity": "walking",
    "startTime": "2020-12-12T06:26:16.198Z",
    "endTime": "2020-12-12T06:27:46.486Z"
  }, {
    "fitnessActivity": "walking",
    "startTime": "2020-12-12T06:42:07.138Z",
    "endTime": "2020-12-12T06:42:49.576Z"
  }, {
    "fitnessActivity": "walking",
    "startTime": "2020-12-12T06:42:49.576Z",
    "endTime": "2020-12-12T06:46:54.990Z"
  }],
  "aggregate": [{
    "metricName": "com.google.calories.expended",
    "floatValue": 60.39690072235349
  }, {
    "metricName": "com.google.step_count.delta",
    "intValue": 524
  }, {
    "metricName": "com.google.distance.delta",
    "floatValue": 312.46013551950455
  }, {
    "metricName": "com.google.speed.summary",
    "floatValue": 0.7360624718361104
  }, {
    "metricName": "com.google.active_minutes",
    "intValue": 10
  }]
}