{
  "fitnessActivity": "walking",
  "startTime": "2020-09-03T14:03:09.407Z",
  "endTime": "2020-09-03T14:16:33.554Z",
  "duration": "732.008s",
  "segment": [{
    "fitnessActivity": "walking",
    "startTime": "2020-09-03T14:03:09.407Z",
    "endTime": "2020-09-03T14:03:09.535Z"
  }, {
    "fitnessActivity": "walking",
    "startTime": "2020-09-03T14:03:09.535Z",
    "endTime": "2020-09-03T14:11:24.547Z"
  }, {
    "fitnessActivity": "walking",
    "startTime": "2020-09-03T14:12:01.227Z",
    "endTime": "2020-09-03T14:12:25.268Z"
  }, {
    "fitnessActivity": "walking",
    "startTime": "2020-09-03T14:12:25.268Z",
    "endTime": "2020-09-03T14:13:25.978Z"
  }, {
    "fitnessActivity": "walking",
    "startTime": "2020-09-03T14:14:01.437Z",
    "endTime": "2020-09-03T14:14:27.926Z"
  }, {
    "fitnessActivity": "walking",
    "startTime": "2020-09-03T14:14:27.926Z",
    "endTime": "2020-09-03T14:16:33.554Z"
  }],
  "aggregate": [{
    "metricName": "com.google.heart_minutes.summary",
    "floatValue": 1.0
  }, {
    "metricName": "com.google.calories.expended",
    "floatValue": 81.14218557050543
  }, {
    "metricName": "com.google.step_count.delta",
    "intValue": 1107
  }, {
    "metricName": "com.google.distance.delta",
    "floatValue": 720.4695978164673
  }, {
    "metricName": "com.google.speed.summary",
    "floatValue": 0.9659531591157877
  }, {
    "metricName": "com.google.active_minutes",
    "intValue": 12
  }]
}