{
  "fitnessActivity": "walking",
  "startTime": "2020-11-14T05:09:29.025Z",
  "endTime": "2020-11-14T05:35:43.029Z",
  "duration": "867.704s",
  "segment": [{
    "fitnessActivity": "walking",
    "startTime": "2020-11-14T05:09:29.025Z",
    "endTime": "2020-11-14T05:22:31.436Z"
  }, {
    "fitnessActivity": "walking",
    "startTime": "2020-11-14T05:34:17.736Z",
    "endTime": "2020-11-14T05:35:12.934Z"
  }, {
    "fitnessActivity": "walking",
    "startTime": "2020-11-14T05:35:12.934Z",
    "endTime": "2020-11-14T05:35:43.029Z"
  }],
  "aggregate": [{
    "metricName": "com.google.calories.expended",
    "floatValue": 109.58052563667297
  }, {
    "metricName": "com.google.step_count.delta",
    "intValue": 848
  }, {
    "metricName": "com.google.distance.delta",
    "floatValue": 485.6572508215904
  }, {
    "metricName": "com.google.speed.summary",
    "floatValue": 0.6035374064805463
  }, {
    "metricName": "com.google.active_minutes",
    "intValue": 15
  }]
}