{
  "fitnessActivity": "walking",
  "startTime": "2020-09-10T09:58:16.860Z",
  "endTime": "2020-09-10T10:29:36.153Z",
  "duration": "1759.702s",
  "segment": [{
    "fitnessActivity": "walking",
    "startTime": "2020-09-10T09:58:16.860Z",
    "endTime": "2020-09-10T10:03:06.270Z"
  }, {
    "fitnessActivity": "walking",
    "startTime": "2020-09-10T10:03:06.270Z",
    "endTime": "2020-09-10T10:04:06.364Z"
  }, {
    "fitnessActivity": "walking",
    "startTime": "2020-09-10T10:04:06.364Z",
    "endTime": "2020-09-10T10:19:55.719Z"
  }, {
    "fitnessActivity": "walking",
    "startTime": "2020-09-10T10:21:55.310Z",
    "endTime": "2020-09-10T10:21:57.716Z"
  }, {
    "fitnessActivity": "walking",
    "startTime": "2020-09-10T10:21:57.716Z",
    "endTime": "2020-09-10T10:29:36.153Z"
  }],
  "aggregate": [{
    "metricName": "com.google.heart_minutes.summary",
    "floatValue": 15.0
  }, {
    "metricName": "com.google.calories.expended",
    "floatValue": 193.89945849776268
  }, {
    "metricName": "com.google.step_count.delta",
    "intValue": 2771
  }, {
    "metricName": "com.google.distance.delta",
    "floatValue": 1860.6693668365479
  }, {
    "metricName": "com.google.speed.summary",
    "floatValue": 1.124107227028913
  }, {
    "metricName": "com.google.active_minutes",
    "intValue": 28
  }]
}