{
  "fitnessActivity": "walking",
  "startTime": "2020-08-19T10:31:43.134Z",
  "endTime": "2020-08-19T10:56:47.167Z",
  "duration": "1192.266s",
  "segment": [{
    "fitnessActivity": "walking",
    "startTime": "2020-08-19T10:31:43.134Z",
    "endTime": "2020-08-19T10:34:40.231Z"
  }, {
    "fitnessActivity": "walking",
    "startTime": "2020-08-19T10:34:40.231Z",
    "endTime": "2020-08-19T10:35:29.368Z"
  }, {
    "fitnessActivity": "walking",
    "startTime": "2020-08-19T10:40:41.135Z",
    "endTime": "2020-08-19T10:56:47.167Z"
  }],
  "aggregate": [{
    "metricName": "com.google.heart_minutes.summary",
    "floatValue": 3.0
  }, {
    "metricName": "com.google.calories.expended",
    "floatValue": 136.3537368774414
  }, {
    "metricName": "com.google.step_count.delta",
    "intValue": 1798
  }, {
    "metricName": "com.google.distance.delta",
    "floatValue": 1159.9379382133484
  }, {
    "metricName": "com.google.speed.summary",
    "floatValue": 0.9238480828961465
  }, {
    "metricName": "com.google.active_minutes",
    "intValue": 21
  }]
}