{
  "fitnessActivity": "biking",
  "startTime": "2020-11-01T12:53:30.377Z",
  "endTime": "2020-11-01T13:12:42.334Z",
  "duration": "1151.957s",
  "segment": [{
    "fitnessActivity": "biking",
    "startTime": "2020-11-01T12:53:30.377Z",
    "endTime": "2020-11-01T13:12:42.334Z"
  }],
  "aggregate": [{
    "metricName": "com.google.heart_minutes.summary",
    "floatValue": 18.0
  }, {
    "metricName": "com.google.calories.expended",
    "floatValue": 131.83506774902344
  }, {
    "metricName": "com.google.active_minutes",
    "intValue": 18
  }]
}