{
  "fitnessActivity": "walking",
  "startTime": "2020-08-20T14:09:41.886Z",
  "endTime": "2020-08-20T14:30:44.241Z",
  "duration": "1033.570s",
  "segment": [{
    "fitnessActivity": "walking",
    "startTime": "2020-08-20T14:09:41.886Z",
    "endTime": "2020-08-20T14:09:42.666Z"
  }, {
    "fitnessActivity": "walking",
    "startTime": "2020-08-20T14:09:42.666Z",
    "endTime": "2020-08-20T14:10:42.827Z"
  }, {
    "fitnessActivity": "walking",
    "startTime": "2020-08-20T14:12:43.564Z",
    "endTime": "2020-08-20T14:12:43.856Z"
  }, {
    "fitnessActivity": "walking",
    "startTime": "2020-08-20T14:12:43.856Z",
    "endTime": "2020-08-20T14:24:43.369Z"
  }, {
    "fitnessActivity": "walking",
    "startTime": "2020-08-20T14:24:43.369Z",
    "endTime": "2020-08-20T14:24:43.474Z"
  }, {
    "fitnessActivity": "walking",
    "startTime": "2020-08-20T14:26:31.522Z",
    "endTime": "2020-08-20T14:26:43.591Z"
  }, {
    "fitnessActivity": "walking",
    "startTime": "2020-08-20T14:26:43.591Z",
    "endTime": "2020-08-20T14:30:44.241Z"
  }],
  "aggregate": [{
    "metricName": "com.google.heart_minutes.summary",
    "floatValue": 1.0
  }, {
    "metricName": "com.google.calories.expended",
    "floatValue": 117.30904342390465
  }, {
    "metricName": "com.google.step_count.delta",
    "intValue": 1472
  }, {
    "metricName": "com.google.distance.delta",
    "floatValue": 954.7133360820494
  }, {
    "metricName": "com.google.speed.summary",
    "floatValue": 1.000564067250931
  }, {
    "metricName": "com.google.active_minutes",
    "intValue": 18
  }]
}