{
  "fitnessActivity": "walking",
  "startTime": "2020-12-23T13:30:31.685Z",
  "endTime": "2020-12-23T14:49:27.835Z",
  "duration": "2838.270s",
  "segment": [{
    "fitnessActivity": "walking",
    "startTime": "2020-12-23T13:30:31.685Z",
    "endTime": "2020-12-23T13:32:34.106Z"
  }, {
    "fitnessActivity": "walking",
    "startTime": "2020-12-23T13:34:07.214Z",
    "endTime": "2020-12-23T13:48:45.793Z"
  }, {
    "fitnessActivity": "walking",
    "startTime": "2020-12-23T14:03:05.754Z",
    "endTime": "2020-12-23T14:04:00.613Z"
  }, {
    "fitnessActivity": "walking",
    "startTime": "2020-12-23T14:04:00.613Z",
    "endTime": "2020-12-23T14:17:21.271Z"
  }, {
    "fitnessActivity": "walking",
    "startTime": "2020-12-23T14:29:15.956Z",
    "endTime": "2020-12-23T14:39:31.400Z"
  }, {
    "fitnessActivity": "walking",
    "startTime": "2020-12-23T14:39:31.400Z",
    "endTime": "2020-12-23T14:39:36.861Z"
  }, {
    "fitnessActivity": "walking",
    "startTime": "2020-12-23T14:43:26.987Z",
    "endTime": "2020-12-23T14:49:27.835Z"
  }],
  "aggregate": [{
    "metricName": "com.google.heart_minutes.summary",
    "floatValue": 27.0
  }, {
    "metricName": "com.google.calories.expended",
    "floatValue": 343.1078494787216
  }, {
    "metricName": "com.google.step_count.delta",
    "intValue": 4538
  }, {
    "metricName": "com.google.distance.delta",
    "floatValue": 2981.70166939497
  }, {
    "metricName": "com.google.speed.summary",
    "floatValue": 0.9118792259391825
  }, {
    "metricName": "com.google.active_minutes",
    "intValue": 48
  }]
}