{
  "fitnessActivity": "walking",
  "startTime": "2020-12-23T03:57:11.405Z",
  "endTime": "2020-12-23T04:29:54.376Z",
  "duration": "1962.971s",
  "segment": [{
    "fitnessActivity": "walking",
    "startTime": "2020-12-23T03:57:11.405Z",
    "endTime": "2020-12-23T03:57:26.162Z"
  }, {
    "fitnessActivity": "walking",
    "startTime": "2020-12-23T03:57:26.162Z",
    "endTime": "2020-12-23T04:29:54.376Z"
  }],
  "aggregate": [{
    "metricName": "com.google.calories.expended",
    "floatValue": 209.27450424533342
  }, {
    "metricName": "com.google.step_count.delta",
    "intValue": 2538
  }, {
    "metricName": "com.google.distance.delta",
    "floatValue": 1619.1773924378638
  }, {
    "metricName": "com.google.speed.summary",
    "floatValue": 0.8873448811289567
  }, {
    "metricName": "com.google.active_minutes",
    "intValue": 31
  }]
}