{
  "fitnessActivity": "biking",
  "startTime": "2020-12-10T06:17:05.281Z",
  "endTime": "2020-12-10T06:32:08.833Z",
  "duration": "903.552s",
  "segment": [{
    "fitnessActivity": "biking",
    "startTime": "2020-12-10T06:17:05.281Z",
    "endTime": "2020-12-10T06:32:08.833Z"
  }],
  "aggregate": [{
    "metricName": "com.google.heart_minutes.summary",
    "floatValue": 14.0
  }, {
    "metricName": "com.google.calories.expended",
    "floatValue": 101.39861297607422
  }, {
    "metricName": "com.google.active_minutes",
    "intValue": 14
  }]
}