{
  "fitnessActivity": "walking",
  "startTime": "2020-12-22T08:57:57.998Z",
  "endTime": "2020-12-22T09:17:10.374Z",
  "duration": "1152.376s",
  "segment": [{
    "fitnessActivity": "walking",
    "startTime": "2020-12-22T08:57:57.998Z",
    "endTime": "2020-12-22T09:17:10.374Z"
  }],
  "aggregate": [{
    "metricName": "com.google.heart_minutes.summary",
    "floatValue": 2.0
  }, {
    "metricName": "com.google.calories.expended",
    "floatValue": 122.8560791015625
  }, {
    "metricName": "com.google.step_count.delta",
    "intValue": 1529
  }, {
    "metricName": "com.google.distance.delta",
    "floatValue": 985.7087796330452
  }, {
    "metricName": "com.google.speed.summary",
    "floatValue": 0.9999152902846378
  }, {
    "metricName": "com.google.active_minutes",
    "intValue": 18
  }]
}