{
  "fitnessActivity": "walking",
  "startTime": "2020-12-20T13:18:09.791Z",
  "endTime": "2020-12-20T14:21:22.969Z",
  "duration": "3793.178s",
  "segment": [{
    "fitnessActivity": "walking",
    "startTime": "2020-12-20T13:18:09.791Z",
    "endTime": "2020-12-20T14:21:22.969Z"
  }],
  "aggregate": [{
    "metricName": "com.google.heart_minutes.summary",
    "floatValue": 21.0
  }, {
    "metricName": "com.google.calories.expended",
    "floatValue": 404.3949375152588
  }, {
    "metricName": "com.google.step_count.delta",
    "intValue": 5921
  }, {
    "metricName": "com.google.distance.delta",
    "floatValue": 3970.852956354618
  }, {
    "metricName": "com.google.speed.summary",
    "floatValue": 1.055703864649327
  }, {
    "metricName": "com.google.active_minutes",
    "intValue": 63
  }]
}