{
  "fitnessActivity": "walking",
  "startTime": "2020-12-23T07:26:54.247Z",
  "endTime": "2020-12-23T07:44:30.535Z",
  "duration": "755.096s",
  "segment": [{
    "fitnessActivity": "walking",
    "startTime": "2020-12-23T07:26:54.247Z",
    "endTime": "2020-12-23T07:27:08.698Z"
  }, {
    "fitnessActivity": "walking",
    "startTime": "2020-12-23T07:27:08.698Z",
    "endTime": "2020-12-23T07:35:12.819Z"
  }, {
    "fitnessActivity": "walking",
    "startTime": "2020-12-23T07:38:13.590Z",
    "endTime": "2020-12-23T07:41:29.878Z"
  }, {
    "fitnessActivity": "walking",
    "startTime": "2020-12-23T07:43:30.299Z",
    "endTime": "2020-12-23T07:44:30.535Z"
  }],
  "aggregate": [{
    "metricName": "com.google.heart_minutes.summary",
    "floatValue": 5.0
  }, {
    "metricName": "com.google.calories.expended",
    "floatValue": 86.93149567577741
  }, {
    "metricName": "com.google.step_count.delta",
    "intValue": 959
  }, {
    "metricName": "com.google.distance.delta",
    "floatValue": 613.2159066796303
  }, {
    "metricName": "com.google.speed.summary",
    "floatValue": 0.8457257339921442
  }, {
    "metricName": "com.google.active_minutes",
    "intValue": 11
  }]
}