{
  "fitnessActivity": "walking",
  "startTime": "2020-10-06T16:30:07.435Z",
  "endTime": "2020-10-06T16:55:16.071Z",
  "duration": "1280.896s",
  "segment": [{
    "fitnessActivity": "walking",
    "startTime": "2020-10-06T16:30:07.435Z",
    "endTime": "2020-10-06T16:30:25.461Z"
  }, {
    "fitnessActivity": "walking",
    "startTime": "2020-10-06T16:30:25.461Z",
    "endTime": "2020-10-06T16:31:25.917Z"
  }, {
    "fitnessActivity": "walking",
    "startTime": "2020-10-06T16:33:13.275Z",
    "endTime": "2020-10-06T16:33:33.376Z"
  }, {
    "fitnessActivity": "walking",
    "startTime": "2020-10-06T16:33:33.376Z",
    "endTime": "2020-10-06T16:50:41.164Z"
  }, {
    "fitnessActivity": "walking",
    "startTime": "2020-10-06T16:52:41.546Z",
    "endTime": "2020-10-06T16:52:42.507Z"
  }, {
    "fitnessActivity": "walking",
    "startTime": "2020-10-06T16:52:42.507Z",
    "endTime": "2020-10-06T16:55:16.071Z"
  }],
  "aggregate": [{
    "metricName": "com.google.heart_minutes.summary",
    "floatValue": 7.0
  }, {
    "metricName": "com.google.calories.expended",
    "floatValue": 144.17629325947513
  }, {
    "metricName": "com.google.step_count.delta",
    "intValue": 1986
  }, {
    "metricName": "com.google.distance.delta",
    "floatValue": 1303.5103860497475
  }, {
    "metricName": "com.google.speed.summary",
    "floatValue": 1.030070340818093
  }, {
    "metricName": "com.google.active_minutes",
    "intValue": 22
  }]
}