{
  "fitnessActivity": "walking",
  "startTime": "2020-12-24T08:41:42.247Z",
  "endTime": "2020-12-24T10:50:44.058Z",
  "duration": "6225.235s",
  "segment": [{
    "fitnessActivity": "walking",
    "startTime": "2020-12-24T08:41:42.247Z",
    "endTime": "2020-12-24T08:41:56.998Z"
  }, {
    "fitnessActivity": "walking",
    "startTime": "2020-12-24T08:41:56.998Z",
    "endTime": "2020-12-24T09:26:24.517Z"
  }, {
    "fitnessActivity": "walking",
    "startTime": "2020-12-24T09:28:57.527Z",
    "endTime": "2020-12-24T09:51:23.289Z"
  }, {
    "fitnessActivity": "walking",
    "startTime": "2020-12-24T09:56:09.917Z",
    "endTime": "2020-12-24T09:56:26.646Z"
  }, {
    "fitnessActivity": "walking",
    "startTime": "2020-12-24T09:56:26.646Z",
    "endTime": "2020-12-24T09:57:26.842Z"
  }, {
    "fitnessActivity": "walking",
    "startTime": "2020-12-24T10:07:47.216Z",
    "endTime": "2020-12-24T10:08:17.316Z"
  }, {
    "fitnessActivity": "walking",
    "startTime": "2020-12-24T10:12:19.877Z",
    "endTime": "2020-12-24T10:20:58.469Z"
  }, {
    "fitnessActivity": "walking",
    "startTime": "2020-12-24T10:24:32.472Z",
    "endTime": "2020-12-24T10:25:02.181Z"
  }, {
    "fitnessActivity": "walking",
    "startTime": "2020-12-24T10:25:02.181Z",
    "endTime": "2020-12-24T10:50:44.058Z"
  }],
  "aggregate": [{
    "metricName": "com.google.heart_minutes.summary",
    "floatValue": 67.0
  }, {
    "metricName": "com.google.calories.expended",
    "floatValue": 696.055517117818
  }, {
    "metricName": "com.google.step_count.delta",
    "intValue": 9927
  }, {
    "metricName": "com.google.distance.delta",
    "floatValue": 6719.049046814442
  }, {
    "metricName": "com.google.speed.summary",
    "floatValue": 1.0685380806623626
  }, {
    "metricName": "com.google.active_minutes",
    "intValue": 103
  }]
}