{
  "fitnessActivity": "walking",
  "startTime": "2020-12-19T16:30:02.222Z",
  "endTime": "2020-12-19T17:05:58.449Z",
  "duration": "1791.647s",
  "segment": [{
    "fitnessActivity": "walking",
    "startTime": "2020-12-19T16:30:02.222Z",
    "endTime": "2020-12-19T16:30:04.323Z"
  }, {
    "fitnessActivity": "walking",
    "startTime": "2020-12-19T16:30:04.323Z",
    "endTime": "2020-12-19T16:53:50.789Z"
  }, {
    "fitnessActivity": "walking",
    "startTime": "2020-12-19T16:58:55.209Z",
    "endTime": "2020-12-19T16:59:25.314Z"
  }, {
    "fitnessActivity": "walking",
    "startTime": "2020-12-19T17:00:25.474Z",
    "endTime": "2020-12-19T17:05:58.449Z"
  }],
  "aggregate": [{
    "metricName": "com.google.calories.expended",
    "floatValue": 198.79262566101514
  }, {
    "metricName": "com.google.step_count.delta",
    "intValue": 2476
  }, {
    "metricName": "com.google.distance.delta",
    "floatValue": 1577.807751332246
  }, {
    "metricName": "com.google.speed.summary",
    "floatValue": 0.8459086654979823
  }, {
    "metricName": "com.google.active_minutes",
    "intValue": 29
  }]
}