{
  "fitnessActivity": "walking",
  "startTime": "2020-11-17T05:05:43.726Z",
  "endTime": "2020-11-17T06:03:49.886Z",
  "duration": "1923.038s",
  "segment": [{
    "fitnessActivity": "walking",
    "startTime": "2020-11-17T05:05:43.726Z",
    "endTime": "2020-11-17T05:05:53.623Z"
  }, {
    "fitnessActivity": "walking",
    "startTime": "2020-11-17T05:05:53.623Z",
    "endTime": "2020-11-17T05:29:16.107Z"
  }, {
    "fitnessActivity": "walking",
    "startTime": "2020-11-17T05:37:01.094Z",
    "endTime": "2020-11-17T05:39:45.014Z"
  }, {
    "fitnessActivity": "walking",
    "startTime": "2020-11-17T05:54:21.645Z",
    "endTime": "2020-11-17T05:56:41.126Z"
  }, {
    "fitnessActivity": "walking",
    "startTime": "2020-11-17T06:00:22.630Z",
    "endTime": "2020-11-17T06:00:42.011Z"
  }, {
    "fitnessActivity": "walking",
    "startTime": "2020-11-17T06:00:42.011Z",
    "endTime": "2020-11-17T06:03:49.886Z"
  }],
  "aggregate": [{
    "metricName": "com.google.heart_minutes.summary",
    "floatValue": 20.0
  }, {
    "metricName": "com.google.calories.expended",
    "floatValue": 238.38723576645555
  }, {
    "metricName": "com.google.step_count.delta",
    "intValue": 3425
  }, {
    "metricName": "com.google.distance.delta",
    "floatValue": 2349.80927626653
  }, {
    "metricName": "com.google.speed.summary",
    "floatValue": 0.9470538139329429
  }, {
    "metricName": "com.google.active_minutes",
    "intValue": 35
  }]
}