{
  "fitnessActivity": "walking",
  "startTime": "2020-12-10T15:36:04.449Z",
  "endTime": "2020-12-10T16:19:26.813Z",
  "duration": "2580.558s",
  "segment": [{
    "fitnessActivity": "walking",
    "startTime": "2020-12-10T15:36:04.449Z",
    "endTime": "2020-12-10T15:45:29.262Z"
  }, {
    "fitnessActivity": "walking",
    "startTime": "2020-12-10T15:45:51.068Z",
    "endTime": "2020-12-10T15:46:29.373Z"
  }, {
    "fitnessActivity": "walking",
    "startTime": "2020-12-10T15:46:29.373Z",
    "endTime": "2020-12-10T16:19:26.813Z"
  }],
  "aggregate": [{
    "metricName": "com.google.heart_minutes.summary",
    "floatValue": 4.0
  }, {
    "metricName": "com.google.calories.expended",
    "floatValue": 275.5815758705139
  }, {
    "metricName": "com.google.step_count.delta",
    "intValue": 3645
  }, {
    "metricName": "com.google.distance.delta",
    "floatValue": 2381.5387803395033
  }, {
    "metricName": "com.google.speed.summary",
    "floatValue": 0.9742958775583561
  }, {
    "metricName": "com.google.active_minutes",
    "intValue": 42
  }]
}