{
  "fitnessActivity": "walking",
  "startTime": "2020-08-29T04:45:49.280Z",
  "endTime": "2020-08-29T05:04:39.063Z",
  "duration": "1129.783s",
  "segment": [{
    "fitnessActivity": "walking",
    "startTime": "2020-08-29T04:45:49.280Z",
    "endTime": "2020-08-29T04:46:24.586Z"
  }, {
    "fitnessActivity": "walking",
    "startTime": "2020-08-29T04:46:24.586Z",
    "endTime": "2020-08-29T05:04:39.063Z"
  }],
  "aggregate": [{
    "metricName": "com.google.heart_minutes.summary",
    "floatValue": 2.0
  }, {
    "metricName": "com.google.calories.expended",
    "floatValue": 122.83248937247197
  }, {
    "metricName": "com.google.step_count.delta",
    "intValue": 1692
  }, {
    "metricName": "com.google.distance.delta",
    "floatValue": 1112.9357523918152
  }, {
    "metricName": "com.google.speed.summary",
    "floatValue": 0.9927179465629467
  }, {
    "metricName": "com.google.active_minutes",
    "intValue": 18
  }]
}