{
  "fitnessActivity": "walking",
  "startTime": "2020-08-29T05:56:05.367Z",
  "endTime": "2020-08-29T06:11:04.852Z",
  "duration": "899.485s",
  "segment": [{
    "fitnessActivity": "walking",
    "startTime": "2020-08-29T05:56:05.367Z",
    "endTime": "2020-08-29T06:11:04.852Z"
  }],
  "aggregate": [{
    "metricName": "com.google.calories.expended",
    "floatValue": 97.79399871826172
  }, {
    "metricName": "com.google.step_count.delta",
    "intValue": 1132
  }, {
    "metricName": "com.google.distance.delta",
    "floatValue": 716.7621734142303
  }, {
    "metricName": "com.google.speed.summary",
    "floatValue": 0.873614585594894
  }, {
    "metricName": "com.google.active_minutes",
    "intValue": 14
  }]
}