{
  "fitnessActivity": "walking",
  "startTime": "2020-12-24T04:23:45.980Z",
  "endTime": "2020-12-24T06:08:41.286Z",
  "duration": "3223.516s",
  "segment": [{
    "fitnessActivity": "walking",
    "startTime": "2020-12-24T04:23:45.980Z",
    "endTime": "2020-12-24T04:29:18.370Z"
  }, {
    "fitnessActivity": "walking",
    "startTime": "2020-12-24T04:37:21.179Z",
    "endTime": "2020-12-24T04:53:32.007Z"
  }, {
    "fitnessActivity": "walking",
    "startTime": "2020-12-24T04:53:32.007Z",
    "endTime": "2020-12-24T04:53:33.870Z"
  }, {
    "fitnessActivity": "running",
    "startTime": "2020-12-24T04:57:25.752Z",
    "endTime": "2020-12-24T04:59:59.861Z"
  }, {
    "fitnessActivity": "walking",
    "startTime": "2020-12-24T05:07:44.722Z",
    "endTime": "2020-12-24T05:07:56.878Z"
  }, {
    "fitnessActivity": "walking",
    "startTime": "2020-12-24T05:07:56.878Z",
    "endTime": "2020-12-24T05:14:58.586Z"
  }, {
    "fitnessActivity": "walking",
    "startTime": "2020-12-24T05:18:58.084Z",
    "endTime": "2020-12-24T05:20:28.360Z"
  }, {
    "fitnessActivity": "walking",
    "startTime": "2020-12-24T05:29:12.026Z",
    "endTime": "2020-12-24T05:29:30.095Z"
  }, {
    "fitnessActivity": "walking",
    "startTime": "2020-12-24T05:29:30.095Z",
    "endTime": "2020-12-24T05:30:00.185Z"
  }, {
    "fitnessActivity": "walking",
    "startTime": "2020-12-24T05:37:54.807Z",
    "endTime": "2020-12-24T05:46:46.087Z"
  }, {
    "fitnessActivity": "walking",
    "startTime": "2020-12-24T05:52:49.471Z",
    "endTime": "2020-12-24T05:53:49.667Z"
  }, {
    "fitnessActivity": "walking",
    "startTime": "2020-12-24T05:58:40.735Z",
    "endTime": "2020-12-24T05:59:09.286Z"
  }, {
    "fitnessActivity": "walking",
    "startTime": "2020-12-24T05:59:09.286Z",
    "endTime": "2020-12-24T06:08:41.286Z"
  }],
  "aggregate": [{
    "metricName": "com.google.heart_minutes.summary",
    "floatValue": 35.0
  }, {
    "metricName": "com.google.calories.expended",
    "floatValue": 432.6268417239189
  }, {
    "metricName": "com.google.step_count.delta",
    "intValue": 5132
  }, {
    "metricName": "com.google.distance.delta",
    "floatValue": 3497.242936065657
  }, {
    "metricName": "com.google.speed.summary",
    "floatValue": 0.9429285360295205
  }, {
    "metricName": "com.google.active_minutes",
    "intValue": 54
  }]
}