{
  "fitnessActivity": "biking",
  "startTime": "2020-11-11T04:43:45.210Z",
  "endTime": "2020-11-11T05:02:27.982Z",
  "duration": "1122.772s",
  "segment": [{
    "fitnessActivity": "biking",
    "startTime": "2020-11-11T04:43:45.210Z",
    "endTime": "2020-11-11T05:02:27.982Z"
  }],
  "aggregate": [{
    "metricName": "com.google.heart_minutes.summary",
    "floatValue": 18.0
  }, {
    "metricName": "com.google.calories.expended",
    "floatValue": 128.49502563476562
  }, {
    "metricName": "com.google.active_minutes",
    "intValue": 18
  }]
}