{
  "fitnessActivity": "walking",
  "startTime": "2020-11-26T06:24:29.883Z",
  "endTime": "2020-11-26T06:47:08.383Z",
  "duration": "519.436s",
  "segment": [{
    "fitnessActivity": "walking",
    "startTime": "2020-11-26T06:24:29.883Z",
    "endTime": "2020-11-26T06:26:05.986Z"
  }, {
    "fitnessActivity": "walking",
    "startTime": "2020-11-26T06:40:05.050Z",
    "endTime": "2020-11-26T06:46:58.254Z"
  }, {
    "fitnessActivity": "walking",
    "startTime": "2020-11-26T06:46:58.254Z",
    "endTime": "2020-11-26T06:47:08.383Z"
  }],
  "aggregate": [{
    "metricName": "com.google.calories.expended",
    "floatValue": 73.29029971317155
  }, {
    "metricName": "com.google.step_count.delta",
    "intValue": 568
  }, {
    "metricName": "com.google.distance.delta",
    "floatValue": 290.2113975174093
  }, {
    "metricName": "com.google.speed.summary",
    "floatValue": 0.5783818612555487
  }, {
    "metricName": "com.google.active_minutes",
    "intValue": 10
  }]
}