{
  "fitnessActivity": "walking",
  "startTime": "2020-12-05T14:49:15.130Z",
  "endTime": "2020-12-05T15:16:21.785Z",
  "duration": "1191.617s",
  "segment": [{
    "fitnessActivity": "walking",
    "startTime": "2020-12-05T14:49:15.130Z",
    "endTime": "2020-12-05T14:49:35.196Z"
  }, {
    "fitnessActivity": "walking",
    "startTime": "2020-12-05T14:56:50.234Z",
    "endTime": "2020-12-05T14:57:59.479Z"
  }, {
    "fitnessActivity": "walking",
    "startTime": "2020-12-05T14:57:59.479Z",
    "endTime": "2020-12-05T15:16:21.785Z"
  }],
  "aggregate": [{
    "metricName": "com.google.heart_minutes.summary",
    "floatValue": 10.0
  }, {
    "metricName": "com.google.calories.expended",
    "floatValue": 136.32687520980835
  }, {
    "metricName": "com.google.step_count.delta",
    "intValue": 1929
  }, {
    "metricName": "com.google.distance.delta",
    "floatValue": 1271.1661791259473
  }, {
    "metricName": "com.google.speed.summary",
    "floatValue": 0.9172694190815568
  }, {
    "metricName": "com.google.active_minutes",
    "intValue": 20
  }]
}