{
  "fitnessActivity": "walking",
  "startTime": "2020-11-16T05:24:13.780Z",
  "endTime": "2020-11-16T05:56:44.019Z",
  "duration": "1329.832s",
  "segment": [{
    "fitnessActivity": "walking",
    "startTime": "2020-11-16T05:24:13.780Z",
    "endTime": "2020-11-16T05:38:07.564Z"
  }, {
    "fitnessActivity": "walking",
    "startTime": "2020-11-16T05:43:27.978Z",
    "endTime": "2020-11-16T05:43:34.050Z"
  }, {
    "fitnessActivity": "walking",
    "startTime": "2020-11-16T05:43:34.050Z",
    "endTime": "2020-11-16T05:49:10.552Z"
  }, {
    "fitnessActivity": "walking",
    "startTime": "2020-11-16T05:54:10.545Z",
    "endTime": "2020-11-16T05:56:44.019Z"
  }],
  "aggregate": [{
    "metricName": "com.google.heart_minutes.summary",
    "floatValue": 9.0
  }, {
    "metricName": "com.google.calories.expended",
    "floatValue": 157.97055143117905
  }, {
    "metricName": "com.google.step_count.delta",
    "intValue": 1784
  }, {
    "metricName": "com.google.distance.delta",
    "floatValue": 1220.1311449981845
  }, {
    "metricName": "com.google.speed.summary",
    "floatValue": 0.861338408125457
  }, {
    "metricName": "com.google.active_minutes",
    "intValue": 19
  }]
}