{
  "fitnessActivity": "walking",
  "startTime": "2020-12-18T14:34:35.170Z",
  "endTime": "2020-12-18T15:38:27.562Z",
  "duration": "3832.392s",
  "segment": [{
    "fitnessActivity": "walking",
    "startTime": "2020-12-18T14:34:35.170Z",
    "endTime": "2020-12-18T15:38:27.562Z"
  }],
  "aggregate": [{
    "metricName": "com.google.heart_minutes.summary",
    "floatValue": 44.0
  }, {
    "metricName": "com.google.calories.expended",
    "floatValue": 408.5755558013916
  }, {
    "metricName": "com.google.step_count.delta",
    "intValue": 6528
  }, {
    "metricName": "com.google.distance.delta",
    "floatValue": 4520.623715400696
  }, {
    "metricName": "com.google.speed.summary",
    "floatValue": 1.1842552383583564
  }, {
    "metricName": "com.google.active_minutes",
    "intValue": 63
  }]
}