{
  "fitnessActivity": "walking",
  "startTime": "2020-12-04T09:11:57.444Z",
  "endTime": "2020-12-04T09:32:56.388Z",
  "duration": "1258.944s",
  "segment": [{
    "fitnessActivity": "walking",
    "startTime": "2020-12-04T09:11:57.444Z",
    "endTime": "2020-12-04T09:11:58.935Z"
  }, {
    "fitnessActivity": "walking",
    "startTime": "2020-12-04T09:11:58.935Z",
    "endTime": "2020-12-04T09:32:56.388Z"
  }],
  "aggregate": [{
    "metricName": "com.google.heart_minutes.summary",
    "floatValue": 4.0
  }, {
    "metricName": "com.google.calories.expended",
    "floatValue": 134.217369017066
  }, {
    "metricName": "com.google.step_count.delta",
    "intValue": 1881
  }, {
    "metricName": "com.google.distance.delta",
    "floatValue": 1236.769582748413
  }, {
    "metricName": "com.google.speed.summary",
    "floatValue": 1.037248536308279
  }, {
    "metricName": "com.google.active_minutes",
    "intValue": 20
  }]
}