{
  "fitnessActivity": "walking",
  "startTime": "2020-11-30T03:34:20.457Z",
  "endTime": "2020-11-30T04:31:55.425Z",
  "duration": "2719.415s",
  "segment": [{
    "fitnessActivity": "walking",
    "startTime": "2020-11-30T03:34:20.457Z",
    "endTime": "2020-11-30T03:39:23.888Z"
  }, {
    "fitnessActivity": "walking",
    "startTime": "2020-11-30T03:48:39.415Z",
    "endTime": "2020-11-30T04:12:55.654Z"
  }, {
    "fitnessActivity": "biking",
    "startTime": "2020-11-30T04:12:55.654Z",
    "endTime": "2020-11-30T04:25:54.433Z"
  }, {
    "fitnessActivity": "running",
    "startTime": "2020-11-30T04:26:54.627Z",
    "endTime": "2020-11-30T04:27:54.804Z"
  }, {
    "fitnessActivity": "running",
    "startTime": "2020-11-30T04:28:54.997Z",
    "endTime": "2020-11-30T04:29:54.641Z"
  }, {
    "fitnessActivity": "walking",
    "startTime": "2020-11-30T04:30:54.280Z",
    "endTime": "2020-11-30T04:31:54.480Z"
  }, {
    "fitnessActivity": "walking",
    "startTime": "2020-11-30T04:31:54.480Z",
    "endTime": "2020-11-30T04:31:55.425Z"
  }],
  "aggregate": [{
    "metricName": "com.google.heart_minutes.summary",
    "floatValue": 31.0
  }, {
    "metricName": "com.google.calories.expended",
    "floatValue": 322.43060698439973
  }, {
    "metricName": "com.google.step_count.delta",
    "intValue": 2998
  }, {
    "metricName": "com.google.distance.delta",
    "floatValue": 2104.2492135356624
  }, {
    "metricName": "com.google.speed.summary",
    "floatValue": 0.9023885644803924
  }, {
    "metricName": "com.google.active_minutes",
    "intValue": 41
  }]
}