{
  "fitnessActivity": "walking",
  "startTime": "2020-08-24T15:36:51.950Z",
  "endTime": "2020-08-24T15:54:50.388Z",
  "duration": "1078.438s",
  "segment": [{
    "fitnessActivity": "walking",
    "startTime": "2020-08-24T15:36:51.950Z",
    "endTime": "2020-08-24T15:54:50.388Z"
  }],
  "aggregate": [{
    "metricName": "com.google.heart_minutes.summary",
    "floatValue": 1.0
  }, {
    "metricName": "com.google.calories.expended",
    "floatValue": 117.25016021728516
  }, {
    "metricName": "com.google.step_count.delta",
    "intValue": 1393
  }, {
    "metricName": "com.google.distance.delta",
    "floatValue": 887.5484967827797
  }, {
    "metricName": "com.google.speed.summary",
    "floatValue": 0.9431162995708378
  }, {
    "metricName": "com.google.active_minutes",
    "intValue": 16
  }]
}