{
  "fitnessActivity": "walking",
  "startTime": "2020-12-12T17:45:05.060Z",
  "endTime": "2020-12-12T17:55:54.086Z",
  "duration": "649.026s",
  "segment": [{
    "fitnessActivity": "walking",
    "startTime": "2020-12-12T17:45:05.060Z",
    "endTime": "2020-12-12T17:45:22.898Z"
  }, {
    "fitnessActivity": "walking",
    "startTime": "2020-12-12T17:45:22.898Z",
    "endTime": "2020-12-12T17:55:54.086Z"
  }],
  "aggregate": [{
    "metricName": "com.google.calories.expended",
    "floatValue": 69.19330764082528
  }, {
    "metricName": "com.google.step_count.delta",
    "intValue": 903
  }, {
    "metricName": "com.google.distance.delta",
    "floatValue": 578.459247248005
  }, {
    "metricName": "com.google.speed.summary",
    "floatValue": 0.9323882628733031
  }, {
    "metricName": "com.google.active_minutes",
    "intValue": 10
  }]
}