{
  "fitnessActivity": "walking",
  "startTime": "2020-10-31T13:04:29.160Z",
  "endTime": "2020-10-31T14:04:27.302Z",
  "duration": "3024.811s",
  "segment": [{
    "fitnessActivity": "walking",
    "startTime": "2020-10-31T13:04:29.160Z",
    "endTime": "2020-10-31T13:04:44.056Z"
  }, {
    "fitnessActivity": "walking",
    "startTime": "2020-10-31T13:04:44.056Z",
    "endTime": "2020-10-31T13:53:51.696Z"
  }, {
    "fitnessActivity": "walking",
    "startTime": "2020-10-31T14:03:25.027Z",
    "endTime": "2020-10-31T14:03:27.076Z"
  }, {
    "fitnessActivity": "walking",
    "startTime": "2020-10-31T14:03:27.076Z",
    "endTime": "2020-10-31T14:04:27.302Z"
  }],
  "aggregate": [{
    "metricName": "com.google.heart_minutes.summary",
    "floatValue": 42.0
  }, {
    "metricName": "com.google.calories.expended",
    "floatValue": 341.23644309644584
  }, {
    "metricName": "com.google.step_count.delta",
    "intValue": 5134
  }, {
    "metricName": "com.google.distance.delta",
    "floatValue": 3566.111950608776
  }, {
    "metricName": "com.google.speed.summary",
    "floatValue": 1.1476799172118972
  }, {
    "metricName": "com.google.active_minutes",
    "intValue": 49
  }]
}