{
  "fitnessActivity": "walking",
  "startTime": "2020-09-05T09:28:23.394Z",
  "endTime": "2020-09-05T10:41:39.407Z",
  "duration": "4396.013s",
  "segment": [{
    "fitnessActivity": "walking",
    "startTime": "2020-09-05T09:28:23.394Z",
    "endTime": "2020-09-05T09:29:19.793Z"
  }, {
    "fitnessActivity": "walking",
    "startTime": "2020-09-05T09:29:19.793Z",
    "endTime": "2020-09-05T10:41:39.407Z"
  }],
  "aggregate": [{
    "metricName": "com.google.heart_minutes.summary",
    "floatValue": 60.0
  }, {
    "metricName": "com.google.calories.expended",
    "floatValue": 477.94429199318074
  }, {
    "metricName": "com.google.step_count.delta",
    "intValue": 7506
  }, {
    "metricName": "com.google.distance.delta",
    "floatValue": 5142.627643823624
  }, {
    "metricName": "com.google.speed.summary",
    "floatValue": 1.176480669522242
  }, {
    "metricName": "com.google.active_minutes",
    "intValue": 73
  }]
}