{
  "fitnessActivity": "walking",
  "startTime": "2020-11-19T04:06:38.981Z",
  "endTime": "2020-11-19T04:23:31.474Z",
  "duration": "1012.493s",
  "segment": [{
    "fitnessActivity": "walking",
    "startTime": "2020-11-19T04:06:38.981Z",
    "endTime": "2020-11-19T04:22:22.686Z"
  }, {
    "fitnessActivity": "walking",
    "startTime": "2020-11-19T04:22:22.686Z",
    "endTime": "2020-11-19T04:23:31.474Z"
  }],
  "aggregate": [{
    "metricName": "com.google.heart_minutes.summary",
    "floatValue": 16.0
  }, {
    "metricName": "com.google.calories.expended",
    "floatValue": 107.94300072567412
  }, {
    "metricName": "com.google.step_count.delta",
    "intValue": 1978
  }, {
    "metricName": "com.google.distance.delta",
    "floatValue": 1441.6157726623587
  }, {
    "metricName": "com.google.speed.summary",
    "floatValue": 1.4341650077031858
  }, {
    "metricName": "com.google.active_minutes",
    "intValue": 17
  }]
}