{
  "fitnessActivity": "walking",
  "startTime": "2020-11-18T06:29:18.781Z",
  "endTime": "2020-11-18T06:39:26.104Z",
  "duration": "607.323s",
  "segment": [{
    "fitnessActivity": "walking",
    "startTime": "2020-11-18T06:29:18.781Z",
    "endTime": "2020-11-18T06:31:50.433Z"
  }, {
    "fitnessActivity": "walking",
    "startTime": "2020-11-18T06:31:50.433Z",
    "endTime": "2020-11-18T06:39:26.104Z"
  }],
  "aggregate": [{
    "metricName": "com.google.calories.expended",
    "floatValue": 64.7473686393407
  }, {
    "metricName": "com.google.step_count.delta",
    "intValue": 667
  }, {
    "metricName": "com.google.distance.delta",
    "floatValue": 415.4374723434448
  }, {
    "metricName": "com.google.speed.summary",
    "floatValue": 0.9143514857016347
  }, {
    "metricName": "com.google.active_minutes",
    "intValue": 10
  }]
}