{
  "fitnessActivity": "walking",
  "startTime": "2020-08-31T15:53:54.170Z",
  "endTime": "2020-08-31T16:55:02.301Z",
  "duration": "3432.815s",
  "segment": [{
    "fitnessActivity": "walking",
    "startTime": "2020-08-31T15:53:54.170Z",
    "endTime": "2020-08-31T15:54:24.232Z"
  }, {
    "fitnessActivity": "walking",
    "startTime": "2020-08-31T15:54:24.232Z",
    "endTime": "2020-08-31T16:28:36.822Z"
  }, {
    "fitnessActivity": "walking",
    "startTime": "2020-08-31T16:28:36.822Z",
    "endTime": "2020-08-31T16:28:37.072Z"
  }, {
    "fitnessActivity": "walking",
    "startTime": "2020-08-31T16:32:32.388Z",
    "endTime": "2020-08-31T16:32:39.229Z"
  }, {
    "fitnessActivity": "walking",
    "startTime": "2020-08-31T16:32:39.229Z",
    "endTime": "2020-08-31T16:54:56.060Z"
  }, {
    "fitnessActivity": "walking",
    "startTime": "2020-08-31T16:54:56.060Z",
    "endTime": "2020-08-31T16:55:02.301Z"
  }],
  "aggregate": [{
    "metricName": "com.google.heart_minutes.summary",
    "floatValue": 11.0
  }, {
    "metricName": "com.google.calories.expended",
    "floatValue": 378.3013629003671
  }, {
    "metricName": "com.google.step_count.delta",
    "intValue": 5383
  }, {
    "metricName": "com.google.distance.delta",
    "floatValue": 3560.5165609255246
  }, {
    "metricName": "com.google.speed.summary",
    "floatValue": 1.0395910240221273
  }, {
    "metricName": "com.google.active_minutes",
    "intValue": 58
  }]
}