{
  "fitnessActivity": "walking",
  "startTime": "2020-10-30T15:47:16.278Z",
  "endTime": "2020-10-30T16:04:25.699Z",
  "duration": "1029.421s",
  "segment": [{
    "fitnessActivity": "walking",
    "startTime": "2020-10-30T15:47:16.278Z",
    "endTime": "2020-10-30T16:04:25.699Z"
  }],
  "aggregate": [{
    "metricName": "com.google.heart_minutes.summary",
    "floatValue": 9.0
  }, {
    "metricName": "com.google.calories.expended",
    "floatValue": 111.92092895507812
  }, {
    "metricName": "com.google.step_count.delta",
    "intValue": 1581
  }, {
    "metricName": "com.google.distance.delta",
    "floatValue": 1069.0589481215063
  }, {
    "metricName": "com.google.speed.summary",
    "floatValue": 1.1233494854609667
  }, {
    "metricName": "com.google.active_minutes",
    "intValue": 17
  }]
}