{
  "fitnessActivity": "walking",
  "startTime": "2020-09-18T15:29:55.227Z",
  "endTime": "2020-09-18T15:53:29.329Z",
  "duration": "1414.102s",
  "segment": [{
    "fitnessActivity": "walking",
    "startTime": "2020-09-18T15:29:55.227Z",
    "endTime": "2020-09-18T15:53:29.329Z"
  }],
  "aggregate": [{
    "metricName": "com.google.calories.expended",
    "floatValue": 153.7443084716797
  }, {
    "metricName": "com.google.step_count.delta",
    "intValue": 1314
  }, {
    "metricName": "com.google.distance.delta",
    "floatValue": 796.2705783843994
  }, {
    "metricName": "com.google.speed.summary",
    "floatValue": 0.7059967365264699
  }, {
    "metricName": "com.google.active_minutes",
    "intValue": 19
  }]
}