{
  "fitnessActivity": "walking",
  "startTime": "2020-11-09T15:20:24.644Z",
  "endTime": "2020-11-09T16:02:45.252Z",
  "duration": "1795.635s",
  "segment": [{
    "fitnessActivity": "walking",
    "startTime": "2020-11-09T15:20:24.644Z",
    "endTime": "2020-11-09T15:20:48.095Z"
  }, {
    "fitnessActivity": "walking",
    "startTime": "2020-11-09T15:20:48.095Z",
    "endTime": "2020-11-09T15:48:46.486Z"
  }, {
    "fitnessActivity": "walking",
    "startTime": "2020-11-09T16:01:11.459Z",
    "endTime": "2020-11-09T16:02:45.252Z"
  }],
  "aggregate": [{
    "metricName": "com.google.heart_minutes.summary",
    "floatValue": 17.0
  }, {
    "metricName": "com.google.calories.expended",
    "floatValue": 211.30177513586347
  }, {
    "metricName": "com.google.step_count.delta",
    "intValue": 2860
  }, {
    "metricName": "com.google.distance.delta",
    "floatValue": 1918.5997033119202
  }, {
    "metricName": "com.google.speed.summary",
    "floatValue": 0.9395669238612318
  }, {
    "metricName": "com.google.active_minutes",
    "intValue": 29
  }]
}