{
  "fitnessActivity": "biking",
  "startTime": "2020-12-03T05:25:00.672Z",
  "endTime": "2020-12-03T05:36:32.232Z",
  "duration": "691.560s",
  "segment": [{
    "fitnessActivity": "biking",
    "startTime": "2020-12-03T05:25:00.672Z",
    "endTime": "2020-12-03T05:36:32.232Z"
  }],
  "aggregate": [{
    "metricName": "com.google.heart_minutes.summary",
    "floatValue": 10.0
  }, {
    "metricName": "com.google.calories.expended",
    "floatValue": 77.6083984375
  }, {
    "metricName": "com.google.active_minutes",
    "intValue": 10
  }]
}