{
  "fitnessActivity": "walking",
  "startTime": "2020-08-18T10:21:32.125Z",
  "endTime": "2020-08-18T11:04:17.597Z",
  "duration": "2565.472s",
  "segment": [{
    "fitnessActivity": "walking",
    "startTime": "2020-08-18T10:21:32.125Z",
    "endTime": "2020-08-18T11:04:17.597Z"
  }],
  "aggregate": [{
    "metricName": "com.google.heart_minutes.summary",
    "floatValue": 9.0
  }, {
    "metricName": "com.google.calories.expended",
    "floatValue": 278.9237976074219
  }, {
    "metricName": "com.google.step_count.delta",
    "intValue": 3843
  }, {
    "metricName": "com.google.distance.delta",
    "floatValue": 2563.364935398102
  }, {
    "metricName": "com.google.speed.summary",
    "floatValue": 1.0756353301473978
  }, {
    "metricName": "com.google.active_minutes",
    "intValue": 42
  }]
}