{
  "fitnessActivity": "walking",
  "startTime": "2020-11-21T15:40:12.166Z",
  "endTime": "2020-11-21T16:00:56.436Z",
  "duration": "1057.402s",
  "segment": [{
    "fitnessActivity": "walking",
    "startTime": "2020-11-21T15:40:12.166Z",
    "endTime": "2020-11-21T15:47:05.686Z"
  }, {
    "fitnessActivity": "walking",
    "startTime": "2020-11-21T15:50:12.554Z",
    "endTime": "2020-11-21T16:00:56.436Z"
  }],
  "aggregate": [{
    "metricName": "com.google.calories.expended",
    "floatValue": 116.72012591362
  }, {
    "metricName": "com.google.step_count.delta",
    "intValue": 1395
  }, {
    "metricName": "com.google.distance.delta",
    "floatValue": 875.156091094017
  }, {
    "metricName": "com.google.speed.summary",
    "floatValue": 0.9096459189443156
  }, {
    "metricName": "com.google.active_minutes",
    "intValue": 19
  }]
}