{
  "fitnessActivity": "walking",
  "startTime": "2020-12-24T13:20:54.992Z",
  "endTime": "2020-12-24T13:45:49.384Z",
  "duration": "1013.448s",
  "segment": [{
    "fitnessActivity": "walking",
    "startTime": "2020-12-24T13:20:54.992Z",
    "endTime": "2020-12-24T13:35:55.195Z"
  }, {
    "fitnessActivity": "walking",
    "startTime": "2020-12-24T13:43:56.139Z",
    "endTime": "2020-12-24T13:43:56.790Z"
  }, {
    "fitnessActivity": "walking",
    "startTime": "2020-12-24T13:43:56.790Z",
    "endTime": "2020-12-24T13:45:26.873Z"
  }, {
    "fitnessActivity": "walking",
    "startTime": "2020-12-24T13:45:26.873Z",
    "endTime": "2020-12-24T13:45:49.384Z"
  }],
  "aggregate": [{
    "metricName": "com.google.calories.expended",
    "floatValue": 118.31213384980697
  }, {
    "metricName": "com.google.step_count.delta",
    "intValue": 776
  }, {
    "metricName": "com.google.distance.delta",
    "floatValue": 433.2730740905715
  }, {
    "metricName": "com.google.speed.summary",
    "floatValue": 0.5605050878504296
  }, {
    "metricName": "com.google.active_minutes",
    "intValue": 10
  }]
}