{
  "fitnessActivity": "walking",
  "startTime": "2020-12-03T05:02:38.684Z",
  "endTime": "2020-12-03T05:25:00.672Z",
  "duration": "1194.123s",
  "segment": [{
    "fitnessActivity": "walking",
    "startTime": "2020-12-03T05:02:38.684Z",
    "endTime": "2020-12-03T05:03:18.322Z"
  }, {
    "fitnessActivity": "walking",
    "startTime": "2020-12-03T05:04:15.171Z",
    "endTime": "2020-12-03T05:18:57.737Z"
  }, {
    "fitnessActivity": "walking",
    "startTime": "2020-12-03T05:18:57.737Z",
    "endTime": "2020-12-03T05:18:58.764Z"
  }, {
    "fitnessActivity": "walking",
    "startTime": "2020-12-03T05:20:29.780Z",
    "endTime": "2020-12-03T05:23:30.399Z"
  }, {
    "fitnessActivity": "walking",
    "startTime": "2020-12-03T05:23:30.399Z",
    "endTime": "2020-12-03T05:25:00.672Z"
  }],
  "aggregate": [{
    "metricName": "com.google.heart_minutes.summary",
    "floatValue": 28.0
  }, {
    "metricName": "com.google.calories.expended",
    "floatValue": 134.0553809851408
  }, {
    "metricName": "com.google.step_count.delta",
    "intValue": 2456
  }, {
    "metricName": "com.google.distance.delta",
    "floatValue": 1863.936442375183
  }, {
    "metricName": "com.google.speed.summary",
    "floatValue": 1.4977104930180356
  }, {
    "metricName": "com.google.active_minutes",
    "intValue": 20
  }]
}