{
  "fitnessActivity": "running",
  "startTime": "2020-11-18T05:14:31.925Z",
  "endTime": "2020-11-18T05:40:38.158Z",
  "duration": "1566.233s",
  "segment": [{
    "fitnessActivity": "running",
    "startTime": "2020-11-18T05:14:31.925Z",
    "endTime": "2020-11-18T05:34:02.870Z"
  }, {
    "fitnessActivity": "walking",
    "startTime": "2020-11-18T05:34:02.870Z",
    "endTime": "2020-11-18T05:34:58.896Z"
  }, {
    "fitnessActivity": "running",
    "startTime": "2020-11-18T05:34:58.896Z",
    "endTime": "2020-11-18T05:40:38.158Z"
  }],
  "aggregate": [{
    "metricName": "com.google.heart_minutes.summary",
    "floatValue": 23.0
  }, {
    "metricName": "com.google.calories.expended",
    "floatValue": 323.7456912994385
  }, {
    "metricName": "com.google.step_count.delta",
    "intValue": 3012
  }, {
    "metricName": "com.google.distance.delta",
    "floatValue": 2240.9462468624115
  }, {
    "metricName": "com.google.speed.summary",
    "floatValue": 1.426065174119048
  }, {
    "metricName": "com.google.active_minutes",
    "intValue": 26
  }]
}