{
  "fitnessActivity": "walking",
  "startTime": "2020-11-21T05:14:02.585Z",
  "endTime": "2020-11-21T05:32:54.110Z",
  "duration": "1131.525s",
  "segment": [{
    "fitnessActivity": "walking",
    "startTime": "2020-11-21T05:14:02.585Z",
    "endTime": "2020-11-21T05:30:04.257Z"
  }, {
    "fitnessActivity": "walking",
    "startTime": "2020-11-21T05:30:04.257Z",
    "endTime": "2020-11-21T05:32:54.110Z"
  }],
  "aggregate": [{
    "metricName": "com.google.heart_minutes.summary",
    "floatValue": 31.0
  }, {
    "metricName": "com.google.calories.expended",
    "floatValue": 130.16704670709254
  }, {
    "metricName": "com.google.step_count.delta",
    "intValue": 2415
  }, {
    "metricName": "com.google.distance.delta",
    "floatValue": 1850.7822810187324
  }, {
    "metricName": "com.google.speed.summary",
    "floatValue": 1.6460209726031432
  }, {
    "metricName": "com.google.active_minutes",
    "intValue": 18
  }]
}