{
  "fitnessActivity": "biking",
  "startTime": "2020-11-28T06:29:20.471Z",
  "endTime": "2020-11-28T06:37:25.277Z",
  "duration": "484.806s",
  "segment": [{
    "fitnessActivity": "biking",
    "startTime": "2020-11-28T06:29:20.471Z",
    "endTime": "2020-11-28T06:37:25.277Z"
  }],
  "aggregate": [{
    "metricName": "com.google.heart_minutes.summary",
    "floatValue": 7.0
  }, {
    "metricName": "com.google.calories.expended",
    "floatValue": 54.406005859375
  }, {
    "metricName": "com.google.active_minutes",
    "intValue": 7
  }]
}