{
  "fitnessActivity": "walking",
  "startTime": "2020-12-19T09:19:56.728Z",
  "endTime": "2020-12-19T09:30:08.941Z",
  "duration": "612.213s",
  "segment": [{
    "fitnessActivity": "walking",
    "startTime": "2020-12-19T09:19:56.728Z",
    "endTime": "2020-12-19T09:30:08.941Z"
  }],
  "aggregate": [{
    "metricName": "com.google.heart_minutes.summary",
    "floatValue": 3.0
  }, {
    "metricName": "com.google.calories.expended",
    "floatValue": 65.26870727539062
  }, {
    "metricName": "com.google.step_count.delta",
    "intValue": 926
  }, {
    "metricName": "com.google.distance.delta",
    "floatValue": 610.5892343521118
  }, {
    "metricName": "com.google.speed.summary",
    "floatValue": 1.069070510219204
  }, {
    "metricName": "com.google.active_minutes",
    "intValue": 10
  }]
}