{
  "fitnessActivity": "walking",
  "startTime": "2020-12-26T11:28:33.261Z",
  "endTime": "2020-12-26T12:18:13.780Z",
  "duration": "2980.519s",
  "segment": [{
    "fitnessActivity": "walking",
    "startTime": "2020-12-26T11:28:33.261Z",
    "endTime": "2020-12-26T11:29:39.016Z"
  }, {
    "fitnessActivity": "walking",
    "startTime": "2020-12-26T11:29:39.016Z",
    "endTime": "2020-12-26T12:18:13.780Z"
  }],
  "aggregate": [{
    "metricName": "com.google.heart_minutes.summary",
    "floatValue": 33.0
  }, {
    "metricName": "com.google.calories.expended",
    "floatValue": 317.75639752548716
  }, {
    "metricName": "com.google.step_count.delta",
    "intValue": 4915
  }, {
    "metricName": "com.google.distance.delta",
    "floatValue": 3343.301910877228
  }, {
    "metricName": "com.google.speed.summary",
    "floatValue": 1.1267529289959584
  }, {
    "metricName": "com.google.active_minutes",
    "intValue": 50
  }]
}