{
  "fitnessActivity": "running",
  "startTime": "2020-11-14T04:27:06.265Z",
  "endTime": "2020-11-14T04:48:55.352Z",
  "duration": "1309.087s",
  "segment": [{
    "fitnessActivity": "running",
    "startTime": "2020-11-14T04:27:06.265Z",
    "endTime": "2020-11-14T04:48:55.352Z"
  }],
  "aggregate": [{
    "metricName": "com.google.heart_minutes.summary",
    "floatValue": 19.0
  }, {
    "metricName": "com.google.calories.expended",
    "floatValue": 280.9082336425781
  }, {
    "metricName": "com.google.step_count.delta",
    "intValue": 2469
  }, {
    "metricName": "com.google.distance.delta",
    "floatValue": 1858.2446341514587
  }, {
    "metricName": "com.google.speed.summary",
    "floatValue": 1.4163052246731223
  }, {
    "metricName": "com.google.active_minutes",
    "intValue": 21
  }]
}