{
  "fitnessActivity": "walking",
  "startTime": "2020-12-23T15:26:30.865Z",
  "endTime": "2020-12-23T15:38:49.990Z",
  "duration": "739.125s",
  "segment": [{
    "fitnessActivity": "walking",
    "startTime": "2020-12-23T15:26:30.865Z",
    "endTime": "2020-12-23T15:26:35.039Z"
  }, {
    "fitnessActivity": "walking",
    "startTime": "2020-12-23T15:26:35.039Z",
    "endTime": "2020-12-23T15:38:49.990Z"
  }],
  "aggregate": [{
    "metricName": "com.google.calories.expended",
    "floatValue": 78.79886471440538
  }, {
    "metricName": "com.google.step_count.delta",
    "intValue": 962
  }, {
    "metricName": "com.google.distance.delta",
    "floatValue": 629.0680285692215
  }, {
    "metricName": "com.google.speed.summary",
    "floatValue": 0.9712766551298103
  }, {
    "metricName": "com.google.active_minutes",
    "intValue": 12
  }]
}