{
  "fitnessActivity": "walking",
  "startTime": "2020-11-10T04:18:28.147Z",
  "endTime": "2020-11-10T05:51:52.334Z",
  "duration": "3815.935s",
  "segment": [{
    "fitnessActivity": "walking",
    "startTime": "2020-11-10T04:18:28.147Z",
    "endTime": "2020-11-10T04:19:23.306Z"
  }, {
    "fitnessActivity": "biking",
    "startTime": "2020-11-10T04:21:01.687Z",
    "endTime": "2020-11-10T04:32:59.335Z"
  }, {
    "fitnessActivity": "walking",
    "startTime": "2020-11-10T04:32:59.335Z",
    "endTime": "2020-11-10T05:11:47.046Z"
  }, {
    "fitnessActivity": "walking",
    "startTime": "2020-11-10T05:14:45.992Z",
    "endTime": "2020-11-10T05:14:47.613Z"
  }, {
    "fitnessActivity": "walking",
    "startTime": "2020-11-10T05:14:47.613Z",
    "endTime": "2020-11-10T05:22:02.001Z"
  }, {
    "fitnessActivity": "walking",
    "startTime": "2020-11-10T05:25:48.344Z",
    "endTime": "2020-11-10T05:26:36.672Z"
  }, {
    "fitnessActivity": "walking",
    "startTime": "2020-11-10T05:26:36.672Z",
    "endTime": "2020-11-10T05:27:36.851Z"
  }, {
    "fitnessActivity": "walking",
    "startTime": "2020-11-10T05:32:02.826Z",
    "endTime": "2020-11-10T05:32:32.905Z"
  }, {
    "fitnessActivity": "walking",
    "startTime": "2020-11-10T05:42:33.919Z",
    "endTime": "2020-11-10T05:43:34.090Z"
  }, {
    "fitnessActivity": "walking",
    "startTime": "2020-11-10T05:50:31.683Z",
    "endTime": "2020-11-10T05:51:52.334Z"
  }],
  "aggregate": [{
    "metricName": "com.google.heart_minutes.summary",
    "floatValue": 41.0
  }, {
    "metricName": "com.google.calories.expended",
    "floatValue": 457.5735756158829
  }, {
    "metricName": "com.google.step_count.delta",
    "intValue": 4723
  }, {
    "metricName": "com.google.distance.delta",
    "floatValue": 3282.993130927812
  }, {
    "metricName": "com.google.speed.summary",
    "floatValue": 0.8790084424268858
  }, {
    "metricName": "com.google.active_minutes",
    "intValue": 56
  }]
}