{
  "fitnessActivity": "walking",
  "startTime": "2020-11-11T05:02:27.982Z",
  "endTime": "2020-11-11T05:55:44.118Z",
  "duration": "2333.479s",
  "segment": [{
    "fitnessActivity": "walking",
    "startTime": "2020-11-11T05:02:27.982Z",
    "endTime": "2020-11-11T05:34:49.960Z"
  }, {
    "fitnessActivity": "walking",
    "startTime": "2020-11-11T05:38:19.755Z",
    "endTime": "2020-11-11T05:40:23.157Z"
  }, {
    "fitnessActivity": "walking",
    "startTime": "2020-11-11T05:42:26.608Z",
    "endTime": "2020-11-11T05:46:02.602Z"
  }, {
    "fitnessActivity": "walking",
    "startTime": "2020-11-11T05:54:52.013Z",
    "endTime": "2020-11-11T05:55:24.170Z"
  }, {
    "fitnessActivity": "walking",
    "startTime": "2020-11-11T05:55:24.170Z",
    "endTime": "2020-11-11T05:55:44.118Z"
  }],
  "aggregate": [{
    "metricName": "com.google.heart_minutes.summary",
    "floatValue": 25.0
  }, {
    "metricName": "com.google.calories.expended",
    "floatValue": 272.3170440626038
  }, {
    "metricName": "com.google.step_count.delta",
    "intValue": 3966
  }, {
    "metricName": "com.google.distance.delta",
    "floatValue": 2784.614595022825
  }, {
    "metricName": "com.google.speed.summary",
    "floatValue": 1.0961956941444604
  }, {
    "metricName": "com.google.active_minutes",
    "intValue": 38
  }]
}