{
  "fitnessActivity": "biking",
  "startTime": "2020-11-21T05:34:40.485Z",
  "endTime": "2020-11-21T05:41:40.960Z",
  "duration": "420.475s",
  "segment": [{
    "fitnessActivity": "biking",
    "startTime": "2020-11-21T05:34:40.485Z",
    "endTime": "2020-11-21T05:41:40.960Z"
  }],
  "aggregate": [{
    "metricName": "com.google.heart_minutes.summary",
    "floatValue": 6.0
  }, {
    "metricName": "com.google.calories.expended",
    "floatValue": 47.18663787841797
  }, {
    "metricName": "com.google.active_minutes",
    "intValue": 7
  }]
}