{
  "fitnessActivity": "walking",
  "startTime": "2020-12-22T10:28:11.254Z",
  "endTime": "2020-12-22T10:49:06.588Z",
  "duration": "1142.338s",
  "segment": [{
    "fitnessActivity": "walking",
    "startTime": "2020-12-22T10:28:11.254Z",
    "endTime": "2020-12-22T10:40:57.954Z"
  }, {
    "fitnessActivity": "walking",
    "startTime": "2020-12-22T10:42:50.950Z",
    "endTime": "2020-12-22T10:43:59.055Z"
  }, {
    "fitnessActivity": "walking",
    "startTime": "2020-12-22T10:43:59.055Z",
    "endTime": "2020-12-22T10:49:06.588Z"
  }],
  "aggregate": [{
    "metricName": "com.google.heart_minutes.summary",
    "floatValue": 8.0
  }, {
    "metricName": "com.google.calories.expended",
    "floatValue": 124.19816207885742
  }, {
    "metricName": "com.google.step_count.delta",
    "intValue": 1663
  }, {
    "metricName": "com.google.distance.delta",
    "floatValue": 1111.5492025017738
  }, {
    "metricName": "com.google.speed.summary",
    "floatValue": 1.1114075757829258
  }, {
    "metricName": "com.google.active_minutes",
    "intValue": 18
  }]
}