{
  "fitnessActivity": "walking",
  "startTime": "2020-12-12T13:35:14.513Z",
  "endTime": "2020-12-12T14:47:13.087Z",
  "duration": "4318.574s",
  "segment": [{
    "fitnessActivity": "walking",
    "startTime": "2020-12-12T13:35:14.513Z",
    "endTime": "2020-12-12T13:36:29.182Z"
  }, {
    "fitnessActivity": "walking",
    "startTime": "2020-12-12T13:36:29.182Z",
    "endTime": "2020-12-12T14:47:13.087Z"
  }],
  "aggregate": [{
    "metricName": "com.google.heart_minutes.summary",
    "floatValue": 66.0
  }, {
    "metricName": "com.google.calories.expended",
    "floatValue": 460.40793415400884
  }, {
    "metricName": "com.google.step_count.delta",
    "intValue": 7999
  }, {
    "metricName": "com.google.distance.delta",
    "floatValue": 5733.950170040131
  }, {
    "metricName": "com.google.speed.summary",
    "floatValue": 1.3433354243274593
  }, {
    "metricName": "com.google.active_minutes",
    "intValue": 72
  }]
}