{
  "fitnessActivity": "walking",
  "startTime": "2020-12-25T12:04:03.935Z",
  "endTime": "2020-12-25T12:36:51.819Z",
  "duration": "1738.341s",
  "segment": [{
    "fitnessActivity": "walking",
    "startTime": "2020-12-25T12:04:03.935Z",
    "endTime": "2020-12-25T12:04:17.993Z"
  }, {
    "fitnessActivity": "walking",
    "startTime": "2020-12-25T12:04:17.993Z",
    "endTime": "2020-12-25T12:32:02.061Z"
  }, {
    "fitnessActivity": "walking",
    "startTime": "2020-12-25T12:35:51.604Z",
    "endTime": "2020-12-25T12:36:51.819Z"
  }],
  "aggregate": [{
    "metricName": "com.google.heart_minutes.summary",
    "floatValue": 19.0
  }, {
    "metricName": "com.google.calories.expended",
    "floatValue": 190.2268072727311
  }, {
    "metricName": "com.google.step_count.delta",
    "intValue": 2823
  }, {
    "metricName": "com.google.distance.delta",
    "floatValue": 1912.0968243479729
  }, {
    "metricName": "com.google.speed.summary",
    "floatValue": 1.066577955878803
  }, {
    "metricName": "com.google.active_minutes",
    "intValue": 28
  }]
}