{
  "fitnessActivity": "walking",
  "startTime": "2020-12-06T18:17:32.309Z",
  "endTime": "2020-12-06T18:30:37.403Z",
  "duration": "785.094s",
  "segment": [{
    "fitnessActivity": "walking",
    "startTime": "2020-12-06T18:17:32.309Z",
    "endTime": "2020-12-06T18:17:50.316Z"
  }, {
    "fitnessActivity": "walking",
    "startTime": "2020-12-06T18:17:50.316Z",
    "endTime": "2020-12-06T18:30:37.403Z"
  }],
  "aggregate": [{
    "metricName": "com.google.calories.expended",
    "floatValue": 83.69967182203432
  }, {
    "metricName": "com.google.step_count.delta",
    "intValue": 1143
  }, {
    "metricName": "com.google.distance.delta",
    "floatValue": 739.3807777285931
  }, {
    "metricName": "com.google.speed.summary",
    "floatValue": 0.9482832250518475
  }, {
    "metricName": "com.google.active_minutes",
    "intValue": 13
  }]
}