{
  "fitnessActivity": "walking",
  "startTime": "2020-12-08T04:48:43.157Z",
  "endTime": "2020-12-08T05:56:24.510Z",
  "duration": "2503.236s",
  "segment": [{
    "fitnessActivity": "walking",
    "startTime": "2020-12-08T04:48:43.157Z",
    "endTime": "2020-12-08T05:00:06.681Z"
  }, {
    "fitnessActivity": "running",
    "startTime": "2020-12-08T05:00:06.681Z",
    "endTime": "2020-12-08T05:09:08.490Z"
  }, {
    "fitnessActivity": "walking",
    "startTime": "2020-12-08T05:09:08.490Z",
    "endTime": "2020-12-08T05:12:08.128Z"
  }, {
    "fitnessActivity": "biking",
    "startTime": "2020-12-08T05:12:08.128Z",
    "endTime": "2020-12-08T05:22:16.455Z"
  }, {
    "fitnessActivity": "walking",
    "startTime": "2020-12-08T05:34:17.588Z",
    "endTime": "2020-12-08T05:34:18.970Z"
  }, {
    "fitnessActivity": "walking",
    "startTime": "2020-12-08T05:34:18.970Z",
    "endTime": "2020-12-08T05:36:19.417Z"
  }, {
    "fitnessActivity": "walking",
    "startTime": "2020-12-08T05:41:08.069Z",
    "endTime": "2020-12-08T05:41:16.088Z"
  }, {
    "fitnessActivity": "walking",
    "startTime": "2020-12-08T05:41:16.088Z",
    "endTime": "2020-12-08T05:42:46.415Z"
  }, {
    "fitnessActivity": "walking",
    "startTime": "2020-12-08T05:51:54.747Z",
    "endTime": "2020-12-08T05:52:21.592Z"
  }, {
    "fitnessActivity": "walking",
    "startTime": "2020-12-08T05:52:21.592Z",
    "endTime": "2020-12-08T05:56:24.510Z"
  }],
  "aggregate": [{
    "metricName": "com.google.heart_minutes.summary",
    "floatValue": 29.0
  }, {
    "metricName": "com.google.calories.expended",
    "floatValue": 359.7920984476805
  }, {
    "metricName": "com.google.step_count.delta",
    "intValue": 3296
  }, {
    "metricName": "com.google.distance.delta",
    "floatValue": 2273.986832942306
  }, {
    "metricName": "com.google.speed.summary",
    "floatValue": 1.0518284476799187
  }, {
    "metricName": "com.google.active_minutes",
    "intValue": 41
  }]
}