{
  "fitnessActivity": "walking",
  "startTime": "2020-12-02T16:49:36.051Z",
  "endTime": "2020-12-02T17:07:03.697Z",
  "duration": "1047.646s",
  "segment": [{
    "fitnessActivity": "walking",
    "startTime": "2020-12-02T16:49:36.051Z",
    "endTime": "2020-12-02T16:49:40.045Z"
  }, {
    "fitnessActivity": "walking",
    "startTime": "2020-12-02T16:49:40.045Z",
    "endTime": "2020-12-02T17:07:03.697Z"
  }],
  "aggregate": [{
    "metricName": "com.google.calories.expended",
    "floatValue": 111.69065605518709
  }, {
    "metricName": "com.google.step_count.delta",
    "intValue": 1484
  }, {
    "metricName": "com.google.distance.delta",
    "floatValue": 966.7907209396362
  }, {
    "metricName": "com.google.speed.summary",
    "floatValue": 0.9649682537887722
  }, {
    "metricName": "com.google.active_minutes",
    "intValue": 17
  }]
}