{
  "fitnessActivity": "walking",
  "startTime": "2020-11-09T03:14:07.124Z",
  "endTime": "2020-11-09T03:55:41.068Z",
  "duration": "2416.310s",
  "segment": [{
    "fitnessActivity": "walking",
    "startTime": "2020-11-09T03:14:07.124Z",
    "endTime": "2020-11-09T03:37:49.551Z"
  }, {
    "fitnessActivity": "walking",
    "startTime": "2020-11-09T03:39:07.185Z",
    "endTime": "2020-11-09T03:42:19.565Z"
  }, {
    "fitnessActivity": "walking",
    "startTime": "2020-11-09T03:42:19.565Z",
    "endTime": "2020-11-09T03:55:41.068Z"
  }],
  "aggregate": [{
    "metricName": "com.google.heart_minutes.summary",
    "floatValue": 30.0
  }, {
    "metricName": "com.google.calories.expended",
    "floatValue": 264.38185584545135
  }, {
    "metricName": "com.google.step_count.delta",
    "intValue": 4186
  }, {
    "metricName": "com.google.distance.delta",
    "floatValue": 2940.0019433498383
  }, {
    "metricName": "com.google.speed.summary",
    "floatValue": 1.2288824078677227
  }, {
    "metricName": "com.google.active_minutes",
    "intValue": 40
  }]
}