{
  "fitnessActivity": "walking",
  "startTime": "2020-08-18T15:48:51.721Z",
  "endTime": "2020-08-18T16:27:49.324Z",
  "duration": "2337.603s",
  "segment": [{
    "fitnessActivity": "walking",
    "startTime": "2020-08-18T15:48:51.721Z",
    "endTime": "2020-08-18T16:27:49.324Z"
  }],
  "aggregate": [{
    "metricName": "com.google.heart_minutes.summary",
    "floatValue": 22.0
  }, {
    "metricName": "com.google.calories.expended",
    "floatValue": 254.14938354492188
  }, {
    "metricName": "com.google.step_count.delta",
    "intValue": 3646
  }, {
    "metricName": "com.google.distance.delta",
    "floatValue": 2461.8922303915024
  }, {
    "metricName": "com.google.speed.summary",
    "floatValue": 1.1193318878768221
  }, {
    "metricName": "com.google.active_minutes",
    "intValue": 38
  }]
}