{
  "fitnessActivity": "walking",
  "startTime": "2020-12-10T04:46:41.564Z",
  "endTime": "2020-12-10T05:39:52.488Z",
  "duration": "2775.512s",
  "segment": [{
    "fitnessActivity": "walking",
    "startTime": "2020-12-10T04:46:41.564Z",
    "endTime": "2020-12-10T05:10:14.053Z"
  }, {
    "fitnessActivity": "biking",
    "startTime": "2020-12-10T05:10:14.053Z",
    "endTime": "2020-12-10T05:22:46.386Z"
  }, {
    "fitnessActivity": "walking",
    "startTime": "2020-12-10T05:29:41.798Z",
    "endTime": "2020-12-10T05:39:52.488Z"
  }],
  "aggregate": [{
    "metricName": "com.google.heart_minutes.summary",
    "floatValue": 31.0
  }, {
    "metricName": "com.google.calories.expended",
    "floatValue": 308.99021339416504
  }, {
    "metricName": "com.google.step_count.delta",
    "intValue": 2920
  }, {
    "metricName": "com.google.distance.delta",
    "floatValue": 2070.6420187950134
  }, {
    "metricName": "com.google.speed.summary",
    "floatValue": 1.0397580526966843
  }, {
    "metricName": "com.google.active_minutes",
    "intValue": 38
  }]
}