{
  "fitnessActivity": "walking",
  "startTime": "2020-10-01T15:53:00.881Z",
  "endTime": "2020-10-01T16:24:31.571Z",
  "duration": "1771.298s",
  "segment": [{
    "fitnessActivity": "walking",
    "startTime": "2020-10-01T15:53:00.881Z",
    "endTime": "2020-10-01T15:54:14.829Z"
  }, {
    "fitnessActivity": "walking",
    "startTime": "2020-10-01T15:54:41.810Z",
    "endTime": "2020-10-01T15:54:45.499Z"
  }, {
    "fitnessActivity": "walking",
    "startTime": "2020-10-01T15:54:45.499Z",
    "endTime": "2020-10-01T15:59:49.744Z"
  }, {
    "fitnessActivity": "walking",
    "startTime": "2020-10-01T16:01:22.155Z",
    "endTime": "2020-10-01T16:02:24.234Z"
  }, {
    "fitnessActivity": "walking",
    "startTime": "2020-10-01T16:02:24.234Z",
    "endTime": "2020-10-01T16:24:31.571Z"
  }],
  "aggregate": [{
    "metricName": "com.google.heart_minutes.summary",
    "floatValue": 2.0
  }, {
    "metricName": "com.google.calories.expended",
    "floatValue": 195.15582385659218
  }, {
    "metricName": "com.google.step_count.delta",
    "intValue": 2402
  }, {
    "metricName": "com.google.distance.delta",
    "floatValue": 1556.3072429279541
  }, {
    "metricName": "com.google.speed.summary",
    "floatValue": 0.968663800227651
  }, {
    "metricName": "com.google.active_minutes",
    "intValue": 28
  }]
}