{
  "fitnessActivity": "walking",
  "startTime": "2020-09-07T12:08:05.364Z",
  "endTime": "2020-09-07T12:28:19.011Z",
  "duration": "1213.647s",
  "segment": [{
    "fitnessActivity": "walking",
    "startTime": "2020-09-07T12:08:05.364Z",
    "endTime": "2020-09-07T12:09:11.782Z"
  }, {
    "fitnessActivity": "walking",
    "startTime": "2020-09-07T12:09:11.782Z",
    "endTime": "2020-09-07T12:28:13.860Z"
  }, {
    "fitnessActivity": "walking",
    "startTime": "2020-09-07T12:28:13.860Z",
    "endTime": "2020-09-07T12:28:19.011Z"
  }],
  "aggregate": [{
    "metricName": "com.google.heart_minutes.summary",
    "floatValue": 7.0
  }, {
    "metricName": "com.google.calories.expended",
    "floatValue": 131.9503190390131
  }, {
    "metricName": "com.google.step_count.delta",
    "intValue": 1758
  }, {
    "metricName": "com.google.distance.delta",
    "floatValue": 1161.4451194311553
  }, {
    "metricName": "com.google.speed.summary",
    "floatValue": 1.0257364554715471
  }, {
    "metricName": "com.google.active_minutes",
    "intValue": 20
  }]
}