{
  "fitnessActivity": "walking",
  "startTime": "2020-12-06T12:43:28.028Z",
  "endTime": "2020-12-06T14:07:21.097Z",
  "duration": "4365.507s",
  "segment": [{
    "fitnessActivity": "walking",
    "startTime": "2020-12-06T12:43:28.028Z",
    "endTime": "2020-12-06T13:19:41.401Z"
  }, {
    "fitnessActivity": "walking",
    "startTime": "2020-12-06T13:26:31.762Z",
    "endTime": "2020-12-06T13:28:43.295Z"
  }, {
    "fitnessActivity": "walking",
    "startTime": "2020-12-06T13:28:43.295Z",
    "endTime": "2020-12-06T13:35:17.694Z"
  }, {
    "fitnessActivity": "running",
    "startTime": "2020-12-06T13:35:17.694Z",
    "endTime": "2020-12-06T13:44:42.148Z"
  }, {
    "fitnessActivity": "walking",
    "startTime": "2020-12-06T13:44:42.148Z",
    "endTime": "2020-12-06T13:57:48.551Z"
  }, {
    "fitnessActivity": "walking",
    "startTime": "2020-12-06T14:02:05.752Z",
    "endTime": "2020-12-06T14:02:19.807Z"
  }, {
    "fitnessActivity": "walking",
    "startTime": "2020-12-06T14:02:19.807Z",
    "endTime": "2020-12-06T14:07:21.097Z"
  }],
  "aggregate": [{
    "metricName": "com.google.heart_minutes.summary",
    "floatValue": 64.0
  }, {
    "metricName": "com.google.calories.expended",
    "floatValue": 538.2562998533249
  }, {
    "metricName": "com.google.step_count.delta",
    "intValue": 8024
  }, {
    "metricName": "com.google.distance.delta",
    "floatValue": 5735.078851282597
  }, {
    "metricName": "com.google.speed.summary",
    "floatValue": 1.2952373369762993
  }, {
    "metricName": "com.google.active_minutes",
    "intValue": 73
  }]
}