{
  "fitnessActivity": "walking",
  "startTime": "2020-12-26T15:23:20.050Z",
  "endTime": "2020-12-26T15:35:53.364Z",
  "duration": "683.357s",
  "segment": [{
    "fitnessActivity": "walking",
    "startTime": "2020-12-26T15:23:20.050Z",
    "endTime": "2020-12-26T15:23:57.390Z"
  }, {
    "fitnessActivity": "walking",
    "startTime": "2020-12-26T15:23:57.390Z",
    "endTime": "2020-12-26T15:25:30.016Z"
  }, {
    "fitnessActivity": "walking",
    "startTime": "2020-12-26T15:26:39.973Z",
    "endTime": "2020-12-26T15:27:00.372Z"
  }, {
    "fitnessActivity": "walking",
    "startTime": "2020-12-26T15:27:00.372Z",
    "endTime": "2020-12-26T15:35:53.364Z"
  }],
  "aggregate": [{
    "metricName": "com.google.calories.expended",
    "floatValue": 74.34688302814979
  }, {
    "metricName": "com.google.step_count.delta",
    "intValue": 742
  }, {
    "metricName": "com.google.distance.delta",
    "floatValue": 469.9461978673935
  }, {
    "metricName": "com.google.speed.summary",
    "floatValue": 0.9242845188923436
  }, {
    "metricName": "com.google.active_minutes",
    "intValue": 11
  }]
}