{
  "fitnessActivity": "walking",
  "startTime": "2020-11-23T04:43:58.121Z",
  "endTime": "2020-11-23T05:50:44.230Z",
  "duration": "2789.698s",
  "segment": [{
    "fitnessActivity": "walking",
    "startTime": "2020-11-23T04:43:58.121Z",
    "endTime": "2020-11-23T05:09:10.077Z"
  }, {
    "fitnessActivity": "biking",
    "startTime": "2020-11-23T05:09:10.077Z",
    "endTime": "2020-11-23T05:15:51.602Z"
  }, {
    "fitnessActivity": "walking",
    "startTime": "2020-11-23T05:15:51.602Z",
    "endTime": "2020-11-23T05:16:51.825Z"
  }, {
    "fitnessActivity": "walking",
    "startTime": "2020-11-23T05:26:32.653Z",
    "endTime": "2020-11-23T05:37:03.762Z"
  }, {
    "fitnessActivity": "walking",
    "startTime": "2020-11-23T05:47:39.345Z",
    "endTime": "2020-11-23T05:48:18.577Z"
  }, {
    "fitnessActivity": "walking",
    "startTime": "2020-11-23T05:48:18.577Z",
    "endTime": "2020-11-23T05:50:44.230Z"
  }],
  "aggregate": [{
    "metricName": "com.google.heart_minutes.summary",
    "floatValue": 25.0
  }, {
    "metricName": "com.google.calories.expended",
    "floatValue": 325.63412284851074
  }, {
    "metricName": "com.google.step_count.delta",
    "intValue": 3243
  }, {
    "metricName": "com.google.distance.delta",
    "floatValue": 2244.985587094264
  }, {
    "metricName": "com.google.speed.summary",
    "floatValue": 0.9473218100675672
  }, {
    "metricName": "com.google.active_minutes",
    "intValue": 37
  }]
}