{
  "fitnessActivity": "walking",
  "startTime": "2020-12-09T05:01:32.107Z",
  "endTime": "2020-12-09T05:40:43.588Z",
  "duration": "1334.455s",
  "segment": [{
    "fitnessActivity": "walking",
    "startTime": "2020-12-09T05:01:32.107Z",
    "endTime": "2020-12-09T05:02:32.338Z"
  }, {
    "fitnessActivity": "walking",
    "startTime": "2020-12-09T05:16:27.402Z",
    "endTime": "2020-12-09T05:33:34.529Z"
  }, {
    "fitnessActivity": "walking",
    "startTime": "2020-12-09T05:36:36.491Z",
    "endTime": "2020-12-09T05:38:40.035Z"
  }, {
    "fitnessActivity": "running",
    "startTime": "2020-12-09T05:38:40.035Z",
    "endTime": "2020-12-09T05:40:13.490Z"
  }, {
    "fitnessActivity": "walking",
    "startTime": "2020-12-09T05:40:13.490Z",
    "endTime": "2020-12-09T05:40:43.588Z"
  }],
  "aggregate": [{
    "metricName": "com.google.heart_minutes.summary",
    "floatValue": 18.0
  }, {
    "metricName": "com.google.calories.expended",
    "floatValue": 174.05548095703125
  }, {
    "metricName": "com.google.step_count.delta",
    "intValue": 2330
  }, {
    "metricName": "com.google.distance.delta",
    "floatValue": 1697.5772323608398
  }, {
    "metricName": "com.google.speed.summary",
    "floatValue": 0.9614472265611664
  }, {
    "metricName": "com.google.active_minutes",
    "intValue": 20
  }]
}