{
  "fitnessActivity": "walking",
  "startTime": "2020-12-17T16:36:21.824Z",
  "endTime": "2020-12-17T16:49:15.288Z",
  "duration": "773.464s",
  "segment": [{
    "fitnessActivity": "walking",
    "startTime": "2020-12-17T16:36:21.824Z",
    "endTime": "2020-12-17T16:49:15.288Z"
  }],
  "aggregate": [{
    "metricName": "com.google.calories.expended",
    "floatValue": 82.45985412597656
  }, {
    "metricName": "com.google.step_count.delta",
    "intValue": 990
  }, {
    "metricName": "com.google.distance.delta",
    "floatValue": 631.6498532891273
  }, {
    "metricName": "com.google.speed.summary",
    "floatValue": 0.9313088206986024
  }, {
    "metricName": "com.google.active_minutes",
    "intValue": 12
  }]
}