{
  "fitnessActivity": "walking",
  "startTime": "2020-09-21T16:12:56.327Z",
  "endTime": "2020-09-21T16:40:37.669Z",
  "duration": "1615.703s",
  "segment": [{
    "fitnessActivity": "walking",
    "startTime": "2020-09-21T16:12:56.327Z",
    "endTime": "2020-09-21T16:36:05.787Z"
  }, {
    "fitnessActivity": "walking",
    "startTime": "2020-09-21T16:36:51.426Z",
    "endTime": "2020-09-21T16:37:05.899Z"
  }, {
    "fitnessActivity": "walking",
    "startTime": "2020-09-21T16:37:05.899Z",
    "endTime": "2020-09-21T16:40:37.669Z"
  }],
  "aggregate": [{
    "metricName": "com.google.heart_minutes.summary",
    "floatValue": 10.0
  }, {
    "metricName": "com.google.calories.expended",
    "floatValue": 176.6476743221283
  }, {
    "metricName": "com.google.step_count.delta",
    "intValue": 2440
  }, {
    "metricName": "com.google.distance.delta",
    "floatValue": 1623.207628250122
  }, {
    "metricName": "com.google.speed.summary",
    "floatValue": 1.0468080566136755
  }, {
    "metricName": "com.google.active_minutes",
    "intValue": 27
  }]
}