{
  "fitnessActivity": "walking",
  "startTime": "2020-12-22T16:36:08.320Z",
  "endTime": "2020-12-22T16:59:50.850Z",
  "duration": "845.722s",
  "segment": [{
    "fitnessActivity": "walking",
    "startTime": "2020-12-22T16:36:08.320Z",
    "endTime": "2020-12-22T16:37:08.538Z"
  }, {
    "fitnessActivity": "walking",
    "startTime": "2020-12-22T16:41:06.990Z",
    "endTime": "2020-12-22T16:41:10.604Z"
  }, {
    "fitnessActivity": "walking",
    "startTime": "2020-12-22T16:41:10.604Z",
    "endTime": "2020-12-22T16:48:11.716Z"
  }, {
    "fitnessActivity": "walking",
    "startTime": "2020-12-22T16:48:11.716Z",
    "endTime": "2020-12-22T16:48:13.439Z"
  }, {
    "fitnessActivity": "walking",
    "startTime": "2020-12-22T16:51:51.450Z",
    "endTime": "2020-12-22T16:52:14.877Z"
  }, {
    "fitnessActivity": "walking",
    "startTime": "2020-12-22T16:52:14.877Z",
    "endTime": "2020-12-22T16:54:45.170Z"
  }, {
    "fitnessActivity": "walking",
    "startTime": "2020-12-22T16:56:45.515Z",
    "endTime": "2020-12-22T16:56:47.281Z"
  }, {
    "fitnessActivity": "walking",
    "startTime": "2020-12-22T16:56:47.281Z",
    "endTime": "2020-12-22T16:59:50.850Z"
  }],
  "aggregate": [{
    "metricName": "com.google.calories.expended",
    "floatValue": 102.47718830406666
  }, {
    "metricName": "com.google.step_count.delta",
    "intValue": 1090
  }, {
    "metricName": "com.google.distance.delta",
    "floatValue": 668.302664577961
  }, {
    "metricName": "com.google.speed.summary",
    "floatValue": 0.7714498208006706
  }, {
    "metricName": "com.google.active_minutes",
    "intValue": 15
  }]
}