{
  "fitnessActivity": "walking",
  "startTime": "2020-12-21T14:16:38.030Z",
  "endTime": "2020-12-21T15:12:29.489Z",
  "duration": "2865.521s",
  "segment": [{
    "fitnessActivity": "walking",
    "startTime": "2020-12-21T14:16:38.030Z",
    "endTime": "2020-12-21T14:17:23.728Z"
  }, {
    "fitnessActivity": "walking",
    "startTime": "2020-12-21T14:21:55.947Z",
    "endTime": "2020-12-21T14:23:56.897Z"
  }, {
    "fitnessActivity": "walking",
    "startTime": "2020-12-21T14:27:30.616Z",
    "endTime": "2020-12-21T15:12:29.489Z"
  }],
  "aggregate": [{
    "metricName": "com.google.heart_minutes.summary",
    "floatValue": 12.0
  }, {
    "metricName": "com.google.calories.expended",
    "floatValue": 315.87034368515015
  }, {
    "metricName": "com.google.step_count.delta",
    "intValue": 3462
  }, {
    "metricName": "com.google.distance.delta",
    "floatValue": 2203.7090445160866
  }, {
    "metricName": "com.google.speed.summary",
    "floatValue": 0.8979396612902496
  }, {
    "metricName": "com.google.active_minutes",
    "intValue": 41
  }]
}