{
  "fitnessActivity": "walking",
  "startTime": "2020-11-30T15:44:04.108Z",
  "endTime": "2020-11-30T16:08:31.952Z",
  "duration": "1245.939s",
  "segment": [{
    "fitnessActivity": "walking",
    "startTime": "2020-11-30T15:44:04.108Z",
    "endTime": "2020-11-30T15:55:51.664Z"
  }, {
    "fitnessActivity": "walking",
    "startTime": "2020-11-30T15:59:33.569Z",
    "endTime": "2020-11-30T15:59:55.884Z"
  }, {
    "fitnessActivity": "walking",
    "startTime": "2020-11-30T15:59:55.884Z",
    "endTime": "2020-11-30T16:08:31.952Z"
  }],
  "aggregate": [{
    "metricName": "com.google.heart_minutes.summary",
    "floatValue": 2.0
  }, {
    "metricName": "com.google.calories.expended",
    "floatValue": 137.56821823120117
  }, {
    "metricName": "com.google.step_count.delta",
    "intValue": 1779
  }, {
    "metricName": "com.google.distance.delta",
    "floatValue": 1154.6020756326202
  }, {
    "metricName": "com.google.speed.summary",
    "floatValue": 0.9628428053203337
  }, {
    "metricName": "com.google.active_minutes",
    "intValue": 21
  }]
}