{
  "fitnessActivity": "walking",
  "startTime": "2020-11-14T04:15:31.692Z",
  "endTime": "2020-11-14T04:27:06.265Z",
  "duration": "694.573s",
  "segment": [{
    "fitnessActivity": "walking",
    "startTime": "2020-11-14T04:15:31.692Z",
    "endTime": "2020-11-14T04:27:06.265Z"
  }],
  "aggregate": [{
    "metricName": "com.google.heart_minutes.summary",
    "floatValue": 10.0
  }, {
    "metricName": "com.google.calories.expended",
    "floatValue": 75.51551818847656
  }, {
    "metricName": "com.google.step_count.delta",
    "intValue": 1283
  }, {
    "metricName": "com.google.distance.delta",
    "floatValue": 930.4800989627838
  }, {
    "metricName": "com.google.speed.summary",
    "floatValue": 1.4114441422030086
  }, {
    "metricName": "com.google.active_minutes",
    "intValue": 12
  }]
}