{
  "fitnessActivity": "biking",
  "startTime": "2020-11-21T06:40:53.336Z",
  "endTime": "2020-11-21T06:56:55.952Z",
  "duration": "962.616s",
  "segment": [{
    "fitnessActivity": "biking",
    "startTime": "2020-11-21T06:40:53.336Z",
    "endTime": "2020-11-21T06:56:55.952Z"
  }],
  "aggregate": [{
    "metricName": "com.google.heart_minutes.summary",
    "floatValue": 15.0
  }, {
    "metricName": "com.google.calories.expended",
    "floatValue": 108.02689361572266
  }, {
    "metricName": "com.google.active_minutes",
    "intValue": 16
  }]
}