{
  "fitnessActivity": "walking",
  "startTime": "2020-09-05T16:44:57.070Z",
  "endTime": "2020-09-05T17:02:45.578Z",
  "duration": "1068.508s",
  "segment": [{
    "fitnessActivity": "walking",
    "startTime": "2020-09-05T16:44:57.070Z",
    "endTime": "2020-09-05T17:02:45.578Z"
  }],
  "aggregate": [{
    "metricName": "com.google.heart_minutes.summary",
    "floatValue": 6.0
  }, {
    "metricName": "com.google.calories.expended",
    "floatValue": 116.17056274414062
  }, {
    "metricName": "com.google.step_count.delta",
    "intValue": 1630
  }, {
    "metricName": "com.google.distance.delta",
    "floatValue": 1087.6259143352509
  }, {
    "metricName": "com.google.speed.summary",
    "floatValue": 1.0843149019692333
  }, {
    "metricName": "com.google.active_minutes",
    "intValue": 16
  }]
}