{
  "fitnessActivity": "walking",
  "startTime": "2020-12-11T04:35:04.539Z",
  "endTime": "2020-12-11T05:28:40.937Z",
  "duration": "2698.329s",
  "segment": [{
    "fitnessActivity": "walking",
    "startTime": "2020-12-11T04:35:04.539Z",
    "endTime": "2020-12-11T04:35:41.002Z"
  }, {
    "fitnessActivity": "walking",
    "startTime": "2020-12-11T04:37:14.581Z",
    "endTime": "2020-12-11T04:59:30.718Z"
  }, {
    "fitnessActivity": "biking",
    "startTime": "2020-12-11T04:59:30.718Z",
    "endTime": "2020-12-11T05:09:04.179Z"
  }, {
    "fitnessActivity": "running",
    "startTime": "2020-12-11T05:09:04.179Z",
    "endTime": "2020-12-11T05:10:34.484Z"
  }, {
    "fitnessActivity": "running",
    "startTime": "2020-12-11T05:11:34.652Z",
    "endTime": "2020-12-11T05:13:04.903Z"
  }, {
    "fitnessActivity": "running",
    "startTime": "2020-12-11T05:15:05.203Z",
    "endTime": "2020-12-11T05:16:35.423Z"
  }, {
    "fitnessActivity": "walking",
    "startTime": "2020-12-11T05:20:39.445Z",
    "endTime": "2020-12-11T05:28:40.937Z"
  }],
  "aggregate": [{
    "metricName": "com.google.heart_minutes.summary",
    "floatValue": 32.0
  }, {
    "metricName": "com.google.calories.expended",
    "floatValue": 330.0575716495514
  }, {
    "metricName": "com.google.step_count.delta",
    "intValue": 2943
  }, {
    "metricName": "com.google.distance.delta",
    "floatValue": 2096.7161806225777
  }, {
    "metricName": "com.google.speed.summary",
    "floatValue": 0.9413504380667007
  }, {
    "metricName": "com.google.active_minutes",
    "intValue": 35
  }]
}