{
  "fitnessActivity": "walking",
  "startTime": "2020-11-28T04:40:03.279Z",
  "endTime": "2020-11-28T05:57:20.948Z",
  "duration": "3143.423s",
  "segment": [{
    "fitnessActivity": "walking",
    "startTime": "2020-11-28T04:40:03.279Z",
    "endTime": "2020-11-28T04:40:09.507Z"
  }, {
    "fitnessActivity": "walking",
    "startTime": "2020-11-28T04:40:09.507Z",
    "endTime": "2020-11-28T04:41:09.746Z"
  }, {
    "fitnessActivity": "walking",
    "startTime": "2020-11-28T04:46:12.783Z",
    "endTime": "2020-11-28T05:13:05.337Z"
  }, {
    "fitnessActivity": "biking",
    "startTime": "2020-11-28T05:13:05.337Z",
    "endTime": "2020-11-28T05:23:06.986Z"
  }, {
    "fitnessActivity": "running",
    "startTime": "2020-11-28T05:23:06.986Z",
    "endTime": "2020-11-28T05:24:07.178Z"
  }, {
    "fitnessActivity": "walking",
    "startTime": "2020-11-28T05:30:08.211Z",
    "endTime": "2020-11-28T05:39:16.599Z"
  }, {
    "fitnessActivity": "walking",
    "startTime": "2020-11-28T05:44:04.689Z",
    "endTime": "2020-11-28T05:44:18.625Z"
  }, {
    "fitnessActivity": "walking",
    "startTime": "2020-11-28T05:44:18.625Z",
    "endTime": "2020-11-28T05:45:48.430Z"
  }, {
    "fitnessActivity": "walking",
    "startTime": "2020-11-28T05:54:50.516Z",
    "endTime": "2020-11-28T05:57:20.948Z"
  }],
  "aggregate": [{
    "metricName": "com.google.heart_minutes.summary",
    "floatValue": 28.0
  }, {
    "metricName": "com.google.calories.expended",
    "floatValue": 376.6476187503049
  }, {
    "metricName": "com.google.step_count.delta",
    "intValue": 3434
  }, {
    "metricName": "com.google.distance.delta",
    "floatValue": 2348.3065387010574
  }, {
    "metricName": "com.google.speed.summary",
    "floatValue": 0.8785295055183022
  }, {
    "metricName": "com.google.active_minutes",
    "intValue": 48
  }]
}