{
  "fitnessActivity": "walking",
  "startTime": "2020-12-02T03:53:17.791Z",
  "endTime": "2020-12-02T04:19:01.684Z",
  "duration": "1415.371s",
  "segment": [{
    "fitnessActivity": "walking",
    "startTime": "2020-12-02T03:53:17.791Z",
    "endTime": "2020-12-02T04:12:06.128Z"
  }, {
    "fitnessActivity": "walking",
    "startTime": "2020-12-02T04:12:06.128Z",
    "endTime": "2020-12-02T04:12:22.265Z"
  }, {
    "fitnessActivity": "walking",
    "startTime": "2020-12-02T04:14:30.787Z",
    "endTime": "2020-12-02T04:17:57.419Z"
  }, {
    "fitnessActivity": "walking",
    "startTime": "2020-12-02T04:17:57.419Z",
    "endTime": "2020-12-02T04:19:01.684Z"
  }],
  "aggregate": [{
    "metricName": "com.google.heart_minutes.summary",
    "floatValue": 17.0
  }, {
    "metricName": "com.google.calories.expended",
    "floatValue": 153.63803553581238
  }, {
    "metricName": "com.google.step_count.delta",
    "intValue": 2343
  }, {
    "metricName": "com.google.distance.delta",
    "floatValue": 1678.5327801704407
  }, {
    "metricName": "com.google.speed.summary",
    "floatValue": 1.325919288486143
  }, {
    "metricName": "com.google.active_minutes",
    "intValue": 21
  }]
}