{
  "fitnessActivity": "walking",
  "startTime": "2020-12-23T09:37:38.382Z",
  "endTime": "2020-12-23T10:10:11.150Z",
  "duration": "1952.768s",
  "segment": [{
    "fitnessActivity": "walking",
    "startTime": "2020-12-23T09:37:38.382Z",
    "endTime": "2020-12-23T09:37:50.714Z"
  }, {
    "fitnessActivity": "walking",
    "startTime": "2020-12-23T09:37:50.714Z",
    "endTime": "2020-12-23T10:10:11.150Z"
  }],
  "aggregate": [{
    "metricName": "com.google.heart_minutes.summary",
    "floatValue": 26.0
  }, {
    "metricName": "com.google.calories.expended",
    "floatValue": 208.1867032679641
  }, {
    "metricName": "com.google.step_count.delta",
    "intValue": 3212
  }, {
    "metricName": "com.google.distance.delta",
    "floatValue": 2194.950220346451
  }, {
    "metricName": "com.google.speed.summary",
    "floatValue": 1.155523955529573
  }, {
    "metricName": "com.google.active_minutes",
    "intValue": 33
  }]
}