{
  "fitnessActivity": "walking",
  "startTime": "2020-11-20T05:05:12.159Z",
  "endTime": "2020-11-20T06:27:12.978Z",
  "duration": "3126.109s",
  "segment": [{
    "fitnessActivity": "walking",
    "startTime": "2020-11-20T05:05:12.159Z",
    "endTime": "2020-11-20T05:30:40.863Z"
  }, {
    "fitnessActivity": "running",
    "startTime": "2020-11-20T05:31:41.060Z",
    "endTime": "2020-11-20T05:35:11.923Z"
  }, {
    "fitnessActivity": "walking",
    "startTime": "2020-11-20T05:41:42.090Z",
    "endTime": "2020-11-20T05:44:12.594Z"
  }, {
    "fitnessActivity": "walking",
    "startTime": "2020-11-20T05:56:37.942Z",
    "endTime": "2020-11-20T05:57:43.829Z"
  }, {
    "fitnessActivity": "walking",
    "startTime": "2020-11-20T05:57:43.829Z",
    "endTime": "2020-11-20T05:59:46.793Z"
  }, {
    "fitnessActivity": "walking",
    "startTime": "2020-11-20T06:09:45.791Z",
    "endTime": "2020-11-20T06:14:15.350Z"
  }, {
    "fitnessActivity": "biking",
    "startTime": "2020-11-20T06:14:15.350Z",
    "endTime": "2020-11-20T06:24:14.391Z"
  }, {
    "fitnessActivity": "walking",
    "startTime": "2020-11-20T06:24:14.391Z",
    "endTime": "2020-11-20T06:27:12.978Z"
  }],
  "aggregate": [{
    "metricName": "com.google.heart_minutes.summary",
    "floatValue": 29.0
  }, {
    "metricName": "com.google.calories.expended",
    "floatValue": 396.8420732021332
  }, {
    "metricName": "com.google.step_count.delta",
    "intValue": 3549
  }, {
    "metricName": "com.google.distance.delta",
    "floatValue": 2400.0879449248314
  }, {
    "metricName": "com.google.speed.summary",
    "floatValue": 0.7668678865695109
  }, {
    "metricName": "com.google.active_minutes",
    "intValue": 47
  }]
}