{
  "fitnessActivity": "walking",
  "startTime": "2020-12-26T09:28:38.017Z",
  "endTime": "2020-12-26T09:57:06.953Z",
  "duration": "1220.137s",
  "segment": [{
    "fitnessActivity": "walking",
    "startTime": "2020-12-26T09:28:38.017Z",
    "endTime": "2020-12-26T09:35:17.342Z"
  }, {
    "fitnessActivity": "walking",
    "startTime": "2020-12-26T09:43:26.141Z",
    "endTime": "2020-12-26T09:43:56.055Z"
  }, {
    "fitnessActivity": "walking",
    "startTime": "2020-12-26T09:43:56.055Z",
    "endTime": "2020-12-26T09:57:00.320Z"
  }, {
    "fitnessActivity": "walking",
    "startTime": "2020-12-26T09:57:00.320Z",
    "endTime": "2020-12-26T09:57:06.953Z"
  }],
  "aggregate": [{
    "metricName": "com.google.heart_minutes.summary",
    "floatValue": 1.0
  }, {
    "metricName": "com.google.calories.expended",
    "floatValue": 140.51518826883094
  }, {
    "metricName": "com.google.step_count.delta",
    "intValue": 1710
  }, {
    "metricName": "com.google.distance.delta",
    "floatValue": 1078.9340249728073
  }, {
    "metricName": "com.google.speed.summary",
    "floatValue": 0.8697477432064374
  }, {
    "metricName": "com.google.active_minutes",
    "intValue": 22
  }]
}