{
  "fitnessActivity": "walking",
  "startTime": "2020-11-30T05:14:04.621Z",
  "endTime": "2020-11-30T05:29:41.382Z",
  "duration": "344.088s",
  "segment": [{
    "fitnessActivity": "walking",
    "startTime": "2020-11-30T05:14:04.621Z",
    "endTime": "2020-11-30T05:14:44.592Z"
  }, {
    "fitnessActivity": "walking",
    "startTime": "2020-11-30T05:14:44.592Z",
    "endTime": "2020-11-30T05:16:09.596Z"
  }, {
    "fitnessActivity": "walking",
    "startTime": "2020-11-30T05:16:09.596Z",
    "endTime": "2020-11-30T05:16:18.003Z"
  }, {
    "fitnessActivity": "walking",
    "startTime": "2020-11-30T05:26:10.676Z",
    "endTime": "2020-11-30T05:29:41.382Z"
  }],
  "aggregate": [{
    "metricName": "com.google.calories.expended",
    "floatValue": 49.33616202216652
  }, {
    "metricName": "com.google.step_count.delta",
    "intValue": 685
  }, {
    "metricName": "com.google.distance.delta",
    "floatValue": 392.33850955963135
  }, {
    "metricName": "com.google.speed.summary",
    "floatValue": 0.5185752466035402
  }, {
    "metricName": "com.google.active_minutes",
    "intValue": 12
  }]
}