{
  "fitnessActivity": "walking",
  "startTime": "2020-12-01T15:55:19.737Z",
  "endTime": "2020-12-01T16:36:59.762Z",
  "duration": "1908.294s",
  "segment": [{
    "fitnessActivity": "walking",
    "startTime": "2020-12-01T15:55:19.737Z",
    "endTime": "2020-12-01T16:00:51.953Z"
  }, {
    "fitnessActivity": "walking",
    "startTime": "2020-12-01T16:10:43.684Z",
    "endTime": "2020-12-01T16:11:21.436Z"
  }, {
    "fitnessActivity": "walking",
    "startTime": "2020-12-01T16:11:21.436Z",
    "endTime": "2020-12-01T16:36:59.762Z"
  }],
  "aggregate": [{
    "metricName": "com.google.heart_minutes.summary",
    "floatValue": 5.0
  }, {
    "metricName": "com.google.calories.expended",
    "floatValue": 216.0778455734253
  }, {
    "metricName": "com.google.step_count.delta",
    "intValue": 2590
  }, {
    "metricName": "com.google.distance.delta",
    "floatValue": 1679.8277700037422
  }, {
    "metricName": "com.google.speed.summary",
    "floatValue": 0.8998517315116177
  }, {
    "metricName": "com.google.active_minutes",
    "intValue": 29
  }]
}