{
  "fitnessActivity": "walking",
  "startTime": "2020-11-30T14:04:52.470Z",
  "endTime": "2020-11-30T14:28:21.905Z",
  "duration": "1409.435s",
  "segment": [{
    "fitnessActivity": "walking",
    "startTime": "2020-11-30T14:04:52.470Z",
    "endTime": "2020-11-30T14:28:21.905Z"
  }],
  "aggregate": [{
    "metricName": "com.google.heart_minutes.summary",
    "floatValue": 9.0
  }, {
    "metricName": "com.google.calories.expended",
    "floatValue": 150.2614288330078
  }, {
    "metricName": "com.google.step_count.delta",
    "intValue": 2211
  }, {
    "metricName": "com.google.distance.delta",
    "floatValue": 1477.3847052854449
  }, {
    "metricName": "com.google.speed.summary",
    "floatValue": 1.065270279805431
  }, {
    "metricName": "com.google.active_minutes",
    "intValue": 23
  }]
}