{
  "fitnessActivity": "walking",
  "startTime": "2020-12-03T04:08:13.481Z",
  "endTime": "2020-12-03T04:25:45.492Z",
  "duration": "807.724s",
  "segment": [{
    "fitnessActivity": "walking",
    "startTime": "2020-12-03T04:08:13.481Z",
    "endTime": "2020-12-03T04:09:27.890Z"
  }, {
    "fitnessActivity": "walking",
    "startTime": "2020-12-03T04:11:28.179Z",
    "endTime": "2020-12-03T04:13:31.708Z"
  }, {
    "fitnessActivity": "walking",
    "startTime": "2020-12-03T04:15:35.706Z",
    "endTime": "2020-12-03T04:15:39.065Z"
  }, {
    "fitnessActivity": "walking",
    "startTime": "2020-12-03T04:15:39.065Z",
    "endTime": "2020-12-03T04:25:45.492Z"
  }],
  "aggregate": [{
    "metricName": "com.google.calories.expended",
    "floatValue": 91.32741719484329
  }, {
    "metricName": "com.google.step_count.delta",
    "intValue": 900
  }, {
    "metricName": "com.google.distance.delta",
    "floatValue": 544.2960366538946
  }, {
    "metricName": "com.google.speed.summary",
    "floatValue": 0.7176722922933878
  }, {
    "metricName": "com.google.active_minutes",
    "intValue": 12
  }]
}