{
  "fitnessActivity": "walking",
  "startTime": "2020-12-09T15:51:03.051Z",
  "endTime": "2020-12-09T16:17:24.879Z",
  "duration": "1533.818s",
  "segment": [{
    "fitnessActivity": "walking",
    "startTime": "2020-12-09T15:51:03.051Z",
    "endTime": "2020-12-09T15:51:18.590Z"
  }, {
    "fitnessActivity": "walking",
    "startTime": "2020-12-09T15:51:18.590Z",
    "endTime": "2020-12-09T16:13:56.198Z"
  }, {
    "fitnessActivity": "walking",
    "startTime": "2020-12-09T16:14:44.208Z",
    "endTime": "2020-12-09T16:15:24.508Z"
  }, {
    "fitnessActivity": "walking",
    "startTime": "2020-12-09T16:15:24.508Z",
    "endTime": "2020-12-09T16:17:24.879Z"
  }],
  "aggregate": [{
    "metricName": "com.google.heart_minutes.summary",
    "floatValue": 3.0
  }, {
    "metricName": "com.google.calories.expended",
    "floatValue": 164.5468956040195
  }, {
    "metricName": "com.google.step_count.delta",
    "intValue": 2237
  }, {
    "metricName": "com.google.distance.delta",
    "floatValue": 1469.751308737268
  }, {
    "metricName": "com.google.speed.summary",
    "floatValue": 0.9831195952133233
  }, {
    "metricName": "com.google.active_minutes",
    "intValue": 25
  }]
}