{
  "fitnessActivity": "walking",
  "startTime": "2020-09-21T15:07:51Z",
  "endTime": "2020-09-21T15:17:49.477Z",
  "duration": "598.477s",
  "segment": [{
    "fitnessActivity": "walking",
    "startTime": "2020-09-21T15:07:51Z",
    "endTime": "2020-09-21T15:08:41.661Z"
  }, {
    "fitnessActivity": "walking",
    "startTime": "2020-09-21T15:08:41.661Z",
    "endTime": "2020-09-21T15:17:49.477Z"
  }],
  "aggregate": [{
    "metricName": "com.google.heart_minutes.summary",
    "floatValue": 1.0
  }, {
    "metricName": "com.google.calories.expended",
    "floatValue": 65.06773405043519
  }, {
    "metricName": "com.google.step_count.delta",
    "intValue": 822
  }, {
    "metricName": "com.google.distance.delta",
    "floatValue": 542.1483232256446
  }, {
    "metricName": "com.google.speed.summary",
    "floatValue": 1.0387719442397447
  }, {
    "metricName": "com.google.active_minutes",
    "intValue": 10
  }]
}