{
  "fitnessActivity": "walking",
  "startTime": "2020-11-24T05:30:33.219Z",
  "endTime": "2020-11-24T06:02:38.204Z",
  "duration": "1924.985s",
  "segment": [{
    "fitnessActivity": "walking",
    "startTime": "2020-11-24T05:30:33.219Z",
    "endTime": "2020-11-24T05:31:03.788Z"
  }, {
    "fitnessActivity": "walking",
    "startTime": "2020-11-24T05:31:03.788Z",
    "endTime": "2020-11-24T06:02:38.204Z"
  }],
  "aggregate": [{
    "metricName": "com.google.calories.expended",
    "floatValue": 205.22476325856854
  }, {
    "metricName": "com.google.step_count.delta",
    "intValue": 2679
  }, {
    "metricName": "com.google.distance.delta",
    "floatValue": 1730.5874017536394
  }, {
    "metricName": "com.google.speed.summary",
    "floatValue": 0.9267382689781429
  }, {
    "metricName": "com.google.active_minutes",
    "intValue": 32
  }]
}