{
  "fitnessActivity": "walking",
  "startTime": "2020-12-01T03:44:14.556Z",
  "endTime": "2020-12-01T05:48:33.090Z",
  "duration": "4111.834s",
  "segment": [{
    "fitnessActivity": "walking",
    "startTime": "2020-12-01T03:44:14.556Z",
    "endTime": "2020-12-01T03:44:48.748Z"
  }, {
    "fitnessActivity": "walking",
    "startTime": "2020-12-01T03:44:48.748Z",
    "endTime": "2020-12-01T03:45:12.457Z"
  }, {
    "fitnessActivity": "walking",
    "startTime": "2020-12-01T03:46:12.729Z",
    "endTime": "2020-12-01T03:46:14.605Z"
  }, {
    "fitnessActivity": "walking",
    "startTime": "2020-12-01T03:46:14.605Z",
    "endTime": "2020-12-01T04:07:28.683Z"
  }, {
    "fitnessActivity": "biking",
    "startTime": "2020-12-01T04:10:04.110Z",
    "endTime": "2020-12-01T04:22:13.919Z"
  }, {
    "fitnessActivity": "walking",
    "startTime": "2020-12-01T04:22:13.919Z",
    "endTime": "2020-12-01T04:22:52.855Z"
  }, {
    "fitnessActivity": "walking",
    "startTime": "2020-12-01T04:28:31.246Z",
    "endTime": "2020-12-01T04:36:54.864Z"
  }, {
    "fitnessActivity": "walking",
    "startTime": "2020-12-01T04:50:03.886Z",
    "endTime": "2020-12-01T04:53:58.232Z"
  }, {
    "fitnessActivity": "walking",
    "startTime": "2020-12-01T05:05:29.990Z",
    "endTime": "2020-12-01T05:14:30.728Z"
  }, {
    "fitnessActivity": "walking",
    "startTime": "2020-12-01T05:21:06.071Z",
    "endTime": "2020-12-01T05:22:06.425Z"
  }, {
    "fitnessActivity": "walking",
    "startTime": "2020-12-01T05:22:06.425Z",
    "endTime": "2020-12-01T05:24:36.987Z"
  }, {
    "fitnessActivity": "biking",
    "startTime": "2020-12-01T05:31:08.423Z",
    "endTime": "2020-12-01T05:39:17.932Z"
  }, {
    "fitnessActivity": "walking",
    "startTime": "2020-12-01T05:48:02.983Z",
    "endTime": "2020-12-01T05:48:33.090Z"
  }],
  "aggregate": [{
    "metricName": "com.google.heart_minutes.summary",
    "floatValue": 38.0
  }, {
    "metricName": "com.google.calories.expended",
    "floatValue": 516.6554699242115
  }, {
    "metricName": "com.google.step_count.delta",
    "intValue": 4520
  }, {
    "metricName": "com.google.distance.delta",
    "floatValue": 2988.9841378331184
  }, {
    "metricName": "com.google.speed.summary",
    "floatValue": 0.7763147205473429
  }, {
    "metricName": "com.google.active_minutes",
    "intValue": 73
  }]
}