{
  "fitnessActivity": "walking",
  "startTime": "2020-09-08T02:08:57.851Z",
  "endTime": "2020-09-08T02:40:03.961Z",
  "duration": "1866.110s",
  "segment": [{
    "fitnessActivity": "walking",
    "startTime": "2020-09-08T02:08:57.851Z",
    "endTime": "2020-09-08T02:40:03.961Z"
  }],
  "aggregate": [{
    "metricName": "com.google.heart_minutes.summary",
    "floatValue": 16.0
  }, {
    "metricName": "com.google.calories.expended",
    "floatValue": 202.88760375976562
  }, {
    "metricName": "com.google.step_count.delta",
    "intValue": 2858
  }, {
    "metricName": "com.google.distance.delta",
    "floatValue": 1922.0044641942793
  }, {
    "metricName": "com.google.speed.summary",
    "floatValue": 1.0968786131132997
  }, {
    "metricName": "com.google.active_minutes",
    "intValue": 31
  }]
}