{
  "fitnessActivity": "walking",
  "startTime": "2020-12-17T14:03:34.740Z",
  "endTime": "2020-12-17T15:14:19.720Z",
  "duration": "4244.980s",
  "segment": [{
    "fitnessActivity": "walking",
    "startTime": "2020-12-17T14:03:34.740Z",
    "endTime": "2020-12-17T15:14:19.720Z"
  }],
  "aggregate": [{
    "metricName": "com.google.heart_minutes.summary",
    "floatValue": 63.0
  }, {
    "metricName": "com.google.calories.expended",
    "floatValue": 452.5620574951172
  }, {
    "metricName": "com.google.step_count.delta",
    "intValue": 7740
  }, {
    "metricName": "com.google.distance.delta",
    "floatValue": 5548.383027613163
  }, {
    "metricName": "com.google.speed.summary",
    "floatValue": 1.368691366597754
  }, {
    "metricName": "com.google.active_minutes",
    "intValue": 69
  }]
}