{
  "fitnessActivity": "walking",
  "startTime": "2020-12-20T10:09:53.681Z",
  "endTime": "2020-12-20T11:00:49.446Z",
  "duration": "2706.427s",
  "segment": [{
    "fitnessActivity": "walking",
    "startTime": "2020-12-20T10:09:53.681Z",
    "endTime": "2020-12-20T10:10:50.537Z"
  }, {
    "fitnessActivity": "walking",
    "startTime": "2020-12-20T10:10:50.537Z",
    "endTime": "2020-12-20T10:21:33.604Z"
  }, {
    "fitnessActivity": "walking",
    "startTime": "2020-12-20T10:21:45.938Z",
    "endTime": "2020-12-20T10:22:03.665Z"
  }, {
    "fitnessActivity": "walking",
    "startTime": "2020-12-20T10:22:03.665Z",
    "endTime": "2020-12-20T10:43:04.106Z"
  }, {
    "fitnessActivity": "walking",
    "startTime": "2020-12-20T10:48:41.110Z",
    "endTime": "2020-12-20T10:49:09.525Z"
  }, {
    "fitnessActivity": "walking",
    "startTime": "2020-12-20T10:49:09.525Z",
    "endTime": "2020-12-20T11:00:49.446Z"
  }],
  "aggregate": [{
    "metricName": "com.google.heart_minutes.summary",
    "floatValue": 15.0
  }, {
    "metricName": "com.google.calories.expended",
    "floatValue": 295.99279314669286
  }, {
    "metricName": "com.google.step_count.delta",
    "intValue": 3967
  }, {
    "metricName": "com.google.distance.delta",
    "floatValue": 2636.2616416215897
  }, {
    "metricName": "com.google.speed.summary",
    "floatValue": 1.0611699214642705
  }, {
    "metricName": "com.google.active_minutes",
    "intValue": 42
  }]
}