{
  "fitnessActivity": "walking",
  "startTime": "2020-12-22T04:38:19.946Z",
  "endTime": "2020-12-22T05:27:42.127Z",
  "duration": "1471.806s",
  "segment": [{
    "fitnessActivity": "walking",
    "startTime": "2020-12-22T04:38:19.946Z",
    "endTime": "2020-12-22T04:38:44.162Z"
  }, {
    "fitnessActivity": "walking",
    "startTime": "2020-12-22T04:38:44.162Z",
    "endTime": "2020-12-22T04:39:14.659Z"
  }, {
    "fitnessActivity": "walking",
    "startTime": "2020-12-22T04:49:32.499Z",
    "endTime": "2020-12-22T05:03:07.639Z"
  }, {
    "fitnessActivity": "running",
    "startTime": "2020-12-22T05:03:07.639Z",
    "endTime": "2020-12-22T05:06:08.190Z"
  }, {
    "fitnessActivity": "walking",
    "startTime": "2020-12-22T05:16:39.927Z",
    "endTime": "2020-12-22T05:23:11.224Z"
  }, {
    "fitnessActivity": "walking",
    "startTime": "2020-12-22T05:27:12.022Z",
    "endTime": "2020-12-22T05:27:42.127Z"
  }],
  "aggregate": [{
    "metricName": "com.google.heart_minutes.summary",
    "floatValue": 22.0
  }, {
    "metricName": "com.google.calories.expended",
    "floatValue": 207.47013763317193
  }, {
    "metricName": "com.google.step_count.delta",
    "intValue": 2647
  }, {
    "metricName": "com.google.distance.delta",
    "floatValue": 1842.8653956651688
  }, {
    "metricName": "com.google.speed.summary",
    "floatValue": 1.0112831378716345
  }, {
    "metricName": "com.google.active_minutes",
    "intValue": 27
  }]
}