{
  "fitnessActivity": "walking",
  "startTime": "2020-10-14T15:18:38.271Z",
  "endTime": "2020-10-14T15:39:38.744Z",
  "duration": "1260.473s",
  "segment": [{
    "fitnessActivity": "walking",
    "startTime": "2020-10-14T15:18:38.271Z",
    "endTime": "2020-10-14T15:20:23.998Z"
  }, {
    "fitnessActivity": "walking",
    "startTime": "2020-10-14T15:20:23.998Z",
    "endTime": "2020-10-14T15:21:24.227Z"
  }, {
    "fitnessActivity": "walking",
    "startTime": "2020-10-14T15:21:24.227Z",
    "endTime": "2020-10-14T15:39:34.695Z"
  }, {
    "fitnessActivity": "walking",
    "startTime": "2020-10-14T15:39:34.695Z",
    "endTime": "2020-10-14T15:39:38.744Z"
  }],
  "aggregate": [{
    "metricName": "com.google.heart_minutes.summary",
    "floatValue": 8.0
  }, {
    "metricName": "com.google.calories.expended",
    "floatValue": 137.04141872744802
  }, {
    "metricName": "com.google.step_count.delta",
    "intValue": 1827
  }, {
    "metricName": "com.google.distance.delta",
    "floatValue": 1205.635300183198
  }, {
    "metricName": "com.google.speed.summary",
    "floatValue": 1.043590079339071
  }, {
    "metricName": "com.google.active_minutes",
    "intValue": 20
  }]
}