{
  "fitnessActivity": "walking",
  "startTime": "2020-12-19T14:21:49.406Z",
  "endTime": "2020-12-19T15:32:32.109Z",
  "duration": "4023.160s",
  "segment": [{
    "fitnessActivity": "walking",
    "startTime": "2020-12-19T14:21:49.406Z",
    "endTime": "2020-12-19T15:05:50.651Z"
  }, {
    "fitnessActivity": "walking",
    "startTime": "2020-12-19T15:09:30.194Z",
    "endTime": "2020-12-19T15:32:32.109Z"
  }],
  "aggregate": [{
    "metricName": "com.google.heart_minutes.summary",
    "floatValue": 38.0
  }, {
    "metricName": "com.google.calories.expended",
    "floatValue": 433.60044622421265
  }, {
    "metricName": "com.google.step_count.delta",
    "intValue": 6512
  }, {
    "metricName": "com.google.distance.delta",
    "floatValue": 4419.120557069778
  }, {
    "metricName": "com.google.speed.summary",
    "floatValue": 1.1219136668362917
  }, {
    "metricName": "com.google.active_minutes",
    "intValue": 65
  }]
}